{
    "zealous": [
        "marked by active interest and enthusiasm",
        "(adj.) fervent; ardent; impassioned, devoted to a cause"
    ],
    "zealot": [
        "someone passionately devoted to a cause",
        "fanatic"
    ],
    "yoke": [
        "to join together",
        "a burden or something that oppresses; a frame for attaching animals (such as oxen) to each other and to a plow or other equipment to be pulled, or a bar across a person's shoulders to help carry buckets of water, etc. (noun); to unite together or to burden (verb)nepotism"
    ],
    "xenophobia": [
        "a fear or hatred of foreigners or strangers",
        "fear or hatred of foreigners or that which is foreign"
    ],
    "wizened": [
        "shriveled; withered; wrinkled",
        "withered, shriveled"
    ],
    "wistful": [
        "showing pensive sadness",
        "melancholy; pensive; expressing a longing for"
    ],
    "wax": [
        "to gradually increase in size or intensity",
        "to increase; to grow"
    ],
    "wane": [
        "a gradual decline (in size or strength or power or number)",
        "grow less"
    ],
    "waffle": [
        "(verb) to equivocate; to change one's position; wag",
        "talk nonsense"
    ],
    "voluminous": [
        "large in capacity or bulk",
        "very large; spacious"
    ],
    "vitriol": [
        "cruel and bitter criticism",
        "something highly caustic, such as criticism (literally, one of a number of chemicals including sulfuric acid)"
    ],
    "viscous": [
        "thick and adhesive, like a slow-flowing fluid",
        "(adj.) thick; sticky (noun form"
    ],
    "virtuosity": [
        "technical skill or fluency or style exhibited by a virtuoso",
        "skill, expertise [virtuoso (n); virtuosi (n.pl)]"
    ],
    "vim": [
        "vitality and energy",
        "pep, enthusiasm, vitality, lively spirit"
    ],
    "vilify": [
        "spread negative information about",
        "(verb) to defame; to characterize harshly"
    ],
    "vigilant": [
        "carefully observant or attentive",
        "(adj.) alertly watchful (noun form"
    ],
    "viable": [
        "(adj) capable of living (or growing, developing, etc.); practical, workable",
        "capable of life or normal growth and development"
    ],
    "vex": [
        "to annoy; irritate; puzzle; confuse",
        "annoy or bother; puzzle or distress"
    ],
    "vertigo": [
        "a reeling sensation; a feeling that you are about to fall",
        "dizziness; a feeling that you are about to fall"
    ],
    "vernal": [
        "related to spring; fresh",
        "relating to the spring; fresh, youthful"
    ],
    "veritable": [
        "actual, true, real;",
        "true; genuine [verity (n)]"
    ],
    "verisimilar": [
        "having the appearance of truth, probable",
        "appearing to be true or real"
    ],
    "verdant": [
        "green with vegetation; inexperienced",
        "green, such as with vegetation, plants, grass, etc.; young and inexperienced"
    ],
    "veracious": [
        "truthful",
        "true [veracity (n)]"
    ],
    "venerable": [
        "respected because of age",
        "profoundly honored"
    ],
    "vehement": [
        "marked by extreme intensity of emotions or convictions",
        "forceful"
    ],
    "vapid": [
        "lacking significance or liveliness or spirit or zest",
        "dull; uninspiring"
    ],
    "vacuous": [
        "lacking ideas or intelligence",
        "empty; silly; meaningless"
    ],
    "usurp": [
        "seize and take control without authority",
        "take someone's position (usually by force)"
    ],
    "untoward": [
        "unfavorable; inconvenient",
        "unexpected"
    ],
    "untenable": [
        "not able to be defended, not able to live in",
        "(adj.) indefensible; not viable; uninhabitable"
    ],
    "unseemly": [
        "not in keeping with accepted standards of what is right or proper in polite society",
        "(adj) improper, inappropriate, against the rules of taste or politeness"
    ],
    "unprepossessing": [
        "unattractive",
        "unattractive"
    ],
    "underwrite": [
        "to support financially",
        "give guarantee; insure"
    ],
    "unctuous": [
        "unpleasanlty and and excessively flattering or ingratiating",
        "oily; using excessive flattery"
    ],
    "tumult": [
        "a state of chaos, noise and confusion",
        "uproar; noise"
    ],
    "truncate": [
        "to shorten by cutting off",
        "cut short; curtail"
    ],
    "trivial": [
        "small and of little importance",
        "unimportant"
    ],
    "treacherous": [
        "dangerous",
        "betraying trust, not faithful or trustworthy; not dependable; dangerous or deceptive"
    ],
    "tranquil": [
        "free from disturbance by heavy waves",
        "peaceful"
    ],
    "tout": [
        "advertize in strongly positive terms; show off",
        "(verb) to publicly praise or promote"
    ],
    "torrid": [
        "(adj) very hot, parching, burning; passionate",
        "hot and steamy"
    ],
    "torpid": [
        "(adj.) lethargic; sluggish; dormant (noun form",
        "inactive; lazy; stagnant"
    ],
    "terrestrial": [
        "earthly; down-to-earth; commonplace",
        "relating to the earth or to land; worldly"
    ],
    "temperance": [
        "restraint or moderation, especially in regards to alcohol or food",
        "(n) moderation, self-control, esp. regarding alcohol or other desires or pleasures; total abstinence from alcohol"
    ],
    "temerity": [
        "foolish boldness",
        "fearless daring"
    ],
    "tantamount": [
        "being essentially equal to something",
        "being essentially equal to something"
    ],
    "tangible": [
        "perceptible by the senses especially the sense of touch",
        "can be touched"
    ],
    "tangential": [
        "digressing; diverting",
        "(adj) only slightly relevant, going off topic"
    ],
    "talon": [
        "claw of an animal, especially a bird of prey",
        "long pointed nail or claw"
    ],
    "syncopation": [
        "temporary irregularity in musical rhythm",
        "type of musical rhythm with missed beats"
    ],
    "symbiosis": [
        "cooperation; mutual helpfulness",
        "mutually dependent relationship between two organisms, people, groups, etc."
    ],
    "susceptible": [
        "yielding readily to or capable of",
        "vulnerable"
    ],
    "surmise": [
        "(v) guess, infer, think, or make an opinion with incomplete information",
        "infer from incomplete evidence"
    ],
    "supine": [
        "lying face upward",
        "lying face upward"
    ],
    "superficial": [
        "on the surface",
        "of, affecting, or being on or near the surface"
    ],
    "supercilious": [
        "looking down on others; proud and scornful",
        "proud and haughty"
    ],
    "sully": [
        "to tarnish; taint",
        "make dirty, stain, tarnish, defile"
    ],
    "sullen": [
        "bad-tempered and sulky; gloomy",
        "showing a brooding ill humor"
    ],
    "subversive": [
        "in opposition to a civil authority or government",
        "rebellious; revolutionary"
    ],
    "subtle": [
        "(adj.) not obvious; elusive; difficult to discern",
        "not obvious"
    ],
    "sublime": [
        "lofty or grand",
        "lofty or elevated, inspiring reverence or awe; excellent, majestic; complete, utter"
    ],
    "stygian": [
        "(adj.) gloomy, dark",
        "very dark; hellish"
    ],
    "stringent": [
        "demanding strict attention to rules and procedures",
        "strict or severe"
    ],
    "strident": [
        "unpleasantly loud and harsh",
        "loud and harsh"
    ],
    "stoic": [
        "(adj.) indifferent to or unaffected by pleasure or pain; steadfast (noun form",
        "person who is indifferent to pleasure or pain"
    ],
    "stereotype": [
        "a conventional or formulaic conception or image",
        "a conventional or formulaic conception or image; fixed image"
    ],
    "static": [
        "(adj) fixed, not moving or changing, lacking vitality",
        "(adj.) non moving, active, or in motion; at rest"
    ],
    "stasis": [
        "a state of static balance or equilibrium; stagnation",
        "equilibrium, a state of balance or inactivity, esp. caused by equal but opposing forces"
    ],
    "staid": [
        "characterized by dignity and propriety",
        "dull; sober; serious"
    ],
    "stagnant": [
        "not growing or changing; without force or vitality",
        "still; not moving"
    ],
    "squelch": [
        "to crush as if by trampling; squash",
        "crush, squash; suppress or silence; walk through ooze or in wet shoes, making a smacking or sucking sound"
    ],
    "squander": [
        "spend thoughtlessly; waste time, money, or an opportunity",
        "(verb) to waste by spending or using irresponsibly"
    ],
    "sportive": [
        "frolicsome; playful",
        "(adj) playful, merry, joking around, done \"in sport\" (rather than intended seriously)"
    ],
    "spendthrift": [
        "one who spends money wastefully",
        "(noun) one who spends money wastefully"
    ],
    "spate": [
        "(n) sudden outpouring or rush; flood",
        "a sudden forceful flow"
    ],
    "sparse": [
        "(adj.) thin; not dense; arranged at widely spaced intervals",
        "thinly diffused; not dense"
    ],
    "somatic": [
        "of the body",
        "concerned with the body"
    ],
    "solicit": [
        "request urgently or persistently",
        "to ask for; seek"
    ],
    "solace": [
        "comfort in disappointment or misery",
        "comfort for grief"
    ],
    "sobriquet": [
        "nickname",
        "a nickname"
    ],
    "slight": [
        "(adj, v, n) small, not very important, slender or delicate (adj); treat as though not very important; snub, ignore (verb); an act of treating in this way, a discourtesy (noun)",
        "a deliberate discourteous act; disrespect"
    ],
    "slew": [
        "(n) a large number or quantity",
        "glut; excess"
    ],
    "slake": [
        "to calm down or moderate; satisfy a desire or need",
        "satisfy (esp. thirst), cool, or refresh; make less active"
    ],
    "skirmish": [
        "a minor short term fight",
        "minor battle; a minor short-term fight"
    ],
    "singular": [
        "being a single and separate person or thing",
        "(adj.) exceptional, unusual, odd"
    ],
    "servile": [
        "submissive or fawning in attitude or behavior",
        "overly submissive; groveling; obsequious; sycophantic"
    ],
    "serene": [
        "calm and peaceful",
        "calm; peaceful"
    ],
    "serendipity": [
        "the instance in which an accidental, fortunate discovery is made",
        "fortunate coincidence; unsought discovery; gift for finding valuable or desirable things by accident; accidental good fortune or luck"
    ],
    "seraphic": [
        "angelic; sweet",
        "like an angel; serene, spiritually carried off or transported"
    ],
    "sentient": [
        "aware; conscious; able to perceive",
        "(adj) conscious; experiencing sensation or perceiving with the senses"
    ],
    "sententious": [
        "to be moralizing, usually in a pompous sense",
        "(adj.) given to moralizing in a pompous, excessive, or affected manner; self-righteous; moralistic"
    ],
    "sedition": [
        "behavior that promotes rebellion or civil disorder against the state",
        "inciting rebellion against a government, esp. speech or writing that does this"
    ],
    "scrutinize": [
        "examine carefully for accuracy",
        "examine carefully"
    ],
    "scrupulous": [
        "characterized by extreme care and great effort",
        "careful; diligent; painstaking"
    ],
    "scintilla": [
        "trace amount",
        "a tiny bit or trace"
    ],
    "savor": [
        "(v) appreciate fully, taste or smell with pleasure",
        "enjoy"
    ],
    "savant": [
        "learned person, scholar, someone admitted to membership in a scholarly field; a person with amazing mental abilities despite having a cognitive difference or disability",
        "person with knowledge"
    ],
    "saturnine": [
        "morose or gloomy",
        "(adj.) gloomy, dark, sullen, morose"
    ],
    "saturate": [
        "(v) soak or imbue thoroughly; cause a substance to unite with the greatest possible amount of another substance",
        "infuse or fill completely"
    ],
    "satiate": [
        "to satisfy fully or overindulge",
        "satisfy; fill completely [satiable (a); satiation (n)]"
    ],
    "salutary": [
        "(adj.) remedial, having a beneficial effect, producing improvement or health",
        "tending to improve; beneficial"
    ],
    "salacious": [
        "(adj.) lustful, lascivious, bawdy",
        "erotic; lascivious; lustful"
    ],
    "sage": [
        "a mentor in spiritual and philosophical topics",
        "a wise person"
    ],
    "roster": [
        "a list of names",
        "list of names"
    ],
    "rococo": [
        "very highly ornamented",
        "very elaborate and ornate (in decorating or metaphorically, as in speech and writing); relating to a highly ornate style of art and architecture in 18th-century france"
    ],
    "robust": [
        "sturdy and strong in form, constitution, or construction",
        "strong; healthy; tough"
    ],
    "rift": [
        "a gap or fissure (such as in rock), a break in friendly relations",
        "a narrow fissure in rock"
    ],
    "revere": [
        "regard with feelings of respect",
        "worship"
    ],
    "resurgent": [
        "rising after defeat",
        "having a revival, renewing, rising or surging again"
    ],
    "resolution": [
        "(n) the quality of being firmly determined; resolving to do something; a formal judgment, esp. decided by a vote",
        "determination"
    ],
    "resignation": [
        "the acceptance of something unpleasant that can't be avoided",
        "acceptance of fate"
    ],
    "requite": [
        "to return or repay",
        "(v) reciprocate, repay, or revenge"
    ],
    "reprobate": [
        "evil, unprincipled",
        "disreputable, unprincipled, or damned person (noun); shameless, depraved (adj)"
    ],
    "reprehensible": [
        "bringing or deserving severe rebuke or censure",
        "shameful, very bad"
    ],
    "repast": [
        "meal or mealtime",
        "a meal (noun); to eat or feast (verb)"
    ],
    "rent": [
        "(verb) torn (past tense of rend); an opening or tear caused by such",
        "torn (past participle of the verb to rend)"
    ],
    "remuneration": [
        "paying for goods or services or to recompense for losses",
        "payment for work done"
    ],
    "remonstrate": [
        "to object or protest",
        "(verb) to protest, to object"
    ],
    "remiss": [
        "to be negligent in one's duty",
        "failing in what duty requires"
    ],
    "rejoinder": [
        "response, especially a sharp or witty one",
        "response or reply, esp. a witty comeback"
    ],
    "refractory": [
        "stubbornly disobedient, hard to manage",
        "stubbornly disobedient, hard to manage"
    ],
    "redoubtable": [
        "formidable, arousing fear",
        "(adj.) awe-inspiring; worthy of honor"
    ],
    "redolent": [
        "having a strong pleasant odor",
        "noticeably odorous; smelling of; giving off odors"
    ],
    "recluse": [
        "(n) person who lives in seclusion",
        "hermit; someone who cuts himself off from life"
    ],
    "recapitulate": [
        "summarize, repeat in a concise way",
        "summarize"
    ],
    "recalcitrant": [
        "not obedient, resisting authority, hard to manage",
        "(adj.) obstinately defiant of authority; difficult to manage"
    ],
    "rebuke": [
        "to criticize sharply",
        "an act or expression of criticism and censure"
    ],
    "raze": [
        "tear down so as to make flat with the ground",
        "destroy; demolish; tear down"
    ],
    "raucous": [
        "unpleasantly loud and harsh",
        "rough and unpleasant (of sounds)"
    ],
    "rash": [
        "marked by defiant disregard for danger or consequences; imprudently incurring risk.",
        "imprudently incurring risk"
    ],
    "rarefied": [
        "esoteric",
        "lofty, very high up or elevated (in a metaphorical way); exclusive, select; thin, pure, or less dense (as air at the top of a mountain)"
    ],
    "rail": [
        "to complain about bitterly",
        "(verb) to complain about bitterly"
    ],
    "quisling": [
        "traitor",
        "traitor"
    ],
    "quip": [
        "a witty saying or remark",
        "a witty saying"
    ],
    "quiescent": [
        "motionless",
        "quiet, still"
    ],
    "quibble": [
        "(v) make trivial arguments or criticisms, find faults in a petty way, esp. to evade something more important",
        "1. (v) to argue about minor matters; to play on words when finding fault; 2. (n) a minor verbal point in an argument"
    ],
    "quell": [
        "suppress or crush completely",
        "suppress"
    ],
    "quarry": [
        "a person who is the aim of an attack",
        "1. something that is hunted; 2. mine for stone"
    ],
    "qualify": [
        "reach a necessary standard; artful",
        "(verb) to limit"
    ],
    "quail": [
        "draw back, as with fear or pain",
        "(verb) to lose coverage; to turn frightened"
    ],
    "quaff": [
        "(verb) to drink deeply",
        "drink down quickly"
    ],
    "pundit": [
        "someone who has been admitted to membership in a scholarly field",
        "expert"
    ],
    "punctilious": [
        "careful in observing rules fo behavior",
        "meticulous; paying attention to small details"
    ],
    "pulchritude": [
        "beauty",
        "physical beauty"
    ],
    "puissant": [
        "powerful",
        "powerful"
    ],
    "pugilism": [
        "boxing",
        "boxing, fighting with the fists"
    ],
    "prudence": [
        "wisdom, caution, restraint",
        "caution; wisdom"
    ],
    "provincial": [
        "characteristic of the a limited perspective",
        "pertaining to a province; limited in outlook; unsophisticated"
    ],
    "protean": [
        "readily changing form or character",
        "changeable"
    ],
    "propagate": [
        "reproduce, spread, increase",
        "multiply sexually or asexually"
    ],
    "promulgate": [
        "to make known officially;",
        "state or announce"
    ],
    "prohibitive": [
        "(adj) tending to forbid something, or serving to prevent something",
        "1. prohibiting; 2. exorbitantly expensive"
    ],
    "procrastinate": [
        "postpone doing what one should be doing",
        "delay; put off"
    ],
    "primacy": [
        "being first in importance",
        "the state of being first or most important"
    ],
    "preternatural": [
        "supernatural, exceptional",
        "unnatural; abnormal"
    ],
    "pretentious": [
        "(adj) claiming or demanding a position of importance or dignity, esp. when unjustified; showing off creating deceptive, false show of worth",
        "ostentatious; ambitious"
    ],
    "presentiment": [
        "a sense of something about to happen",
        "a feeling that something might happen"
    ],
    "prescience": [
        "(noun) foreknowledge of events; knowing of events prior to their occurring (adj. form",
        "foreknowledge"
    ],
    "prerogative": [
        "a right reserved exclusively by a person or group",
        "right or privilege"
    ],
    "preempt": [
        "to supersede; appropiate for oneself",
        "(v) prevent; take the place of, supplant; take before someone else can"
    ],
    "precursor": [
        "(n) something that comes before, esp. something that also announces or suggests something on its way",
        "(noun) one that precedes and indicates or announces another"
    ],
    "precis": [
        "short summary of facts",
        "concise summary, abstract"
    ],
    "precipitous": [
        "extremely steep",
        "done in a hurry"
    ],
    "preamble": [
        "(n) introductory statement, preface",
        "introductory material"
    ],
    "potent": [
        "having or wielding force or authority",
        "powerful; compelling; strong"
    ],
    "posthumous": [
        "(adj) happening or continuing after death",
        "after death"
    ],
    "pontificate": [
        "speak pompously or dogmatically",
        "speak pompously or dogmatically"
    ],
    "polyglot": [
        "a speaker of many languages",
        "speaking or composed of many languages (of a person, book, etc.); a person who knows several languages"
    ],
    "politic": [
        "shrewd and practical in managing or dealing with things; diplomatic",
        "shrewd, pragmatic; tactful or diplomatic"
    ],
    "polemical": [
        "(adj.) argumentative; strongly critical and controversial",
        "causing debate or argument"
    ],
    "pluck": [
        "(noun) courage, spunk, fortitude",
        "(n)courage"
    ],
    "plodding": [
        "walking slowly; working slowly at a boring task",
        "walking slowly and heavily; uninspired"
    ],
    "plaque": [
        "a memorial made of brass",
        "1. surface deposit on teeth or in artery etc.; 2. decorative plate or sign"
    ],
    "plaintiff": [
        "a person who brings an action in a court of law",
        "petitioner (in court of law), complainant"
    ],
    "pittance": [
        "a small amount (of money)",
        "an inadequate payment; a small amount of money"
    ],
    "pique": [
        "a sudden outburst of anger",
        "1. annoyance (n); 2. to stimulate interest; to annoy (v)"
    ],
    "pied": [
        "(adj.) multicolored, usually in blotches",
        "multicolored"
    ],
    "picayune": [
        "of little value or importance",
        "insignificant; of little value; trivial"
    ],
    "phenomenon": [
        "any state or process known through the senses",
        "an event or happening (plural"
    ],
    "phalanx": [
        "a compact or close-knit body of people, animals, or things",
        "formation of soldiers carrying shields close together for defense; any very close group of people"
    ],
    "petulant": [
        "easily irritated or annoyed",
        "irritable; touchy; peevish"
    ],
    "pervade": [
        "to be present throughout; to permeate",
        "(verb) to permeate throughout (adj. form"
    ],
    "perpetuate": [
        "cause to continue",
        "cause to continue or prevail"
    ],
    "peripheral": [
        "(adj) relating to or making up an outer boundary or region; not of primary importance",
        "on the edge; not important"
    ],
    "perfidy": [
        "(noun) intentional breach of faith, treachery (adj. form",
        "treachery"
    ],
    "peremptory": [
        "bossy and domineering",
        "in a commanding manner"
    ],
    "peregrinate": [
        "to wander from place to place; to travel, especially on foot",
        "travel from place to place, esp. on foot"
    ],
    "percipient": [
        "able to perceive or see things as they actually are.",
        "perceptive; insightful"
    ],
    "penurious": [
        "lacking money; poor",
        "(adj.) penny-pinching; excessively thrifty; ungenerous"
    ],
    "pensive": [
        "deeply or seriously thoughtful",
        "pondering"
    ],
    "penitent": [
        "regretful, feeling remorse for one's sins or misdeeds (adj); a person who feels this way (noun)",
        "feeling or expressing remorse for misdeeds"
    ],
    "pecuniary": [
        "relating to or involving money",
        "relating to or involving money"
    ],
    "pathogenic": [
        "causing disease",
        "capable of producing disease"
    ],
    "patent": [
        "obvious; evident",
        "(adj, n) obvious, apparent, plain to see (adj); a letter from the government guaranteeing an inventor rights to his or her invention (noun)"
    ],
    "partisan": [
        "(adj, n) devoted to a particular group, cause, etc. (adj); fervent supporter of a group, party, idea, etc.; guerilla fighter (noun)",
        "biased; one-sided; committed to one group"
    ],
    "parody": [
        "(noun) a humorous imitation intended for ridicule or comic effect, esp. in literature and art",
        "a mockery; imitation for ridicule; spoof"
    ],
    "parochial": [
        "narrowly restricted in scope or outlook;",
        "narrow-minded; concerned only with local matters"
    ],
    "parley": [
        "discussion, usually b/w enemies",
        "discussion, negotiation, esp. between enemies (noun); to have such a discussion (verb)"
    ],
    "pare": [
        "to trim off excess; reduce",
        "peel or cut off the outer layer (such as peeling fruit with a knife), reduce or trim as if cutting off the outer parts"
    ],
    "paramount": [
        "having superior power and influence",
        "to supreme importance"
    ],
    "paradigm": [
        "(n) model or pattern; worldview, set of shared assumptions, values, etc.",
        "1. example; 2. model; 3. way of looking at things"
    ],
    "panoply": [
        "impressive array",
        "splendid, wide-ranging, impressive display or array"
    ],
    "panacea": [
        "hypothetical remedy for all ills or diseases",
        "remedy for all ills"
    ],
    "palatial": [
        "relating to a palace; magnificent",
        "suitable for or resembling a palace, magnificent"
    ],
    "palatable": [
        "pleasant or acceptable to the taste;",
        "good to eat; agreeable"
    ],
    "paean": [
        "(noun) song or hymn of praise and thanksgiving",
        "praise; tribute (esp. in song)"
    ],
    "overt": [
        "open and observable; not secret or hidden",
        "obvious; not hidden"
    ],
    "oust": [
        "remove from a position or office",
        "push out of a position"
    ],
    "ostracize": [
        "exclude from a community or group",
        "expel from a community or group"
    ],
    "ossified": [
        "(adj.) tending to become more rigid, conventional, sterile, and reactionary with age; literally, turned into bone",
        "turned to bone; become rigid [ossification (n)]"
    ],
    "orthodox": [
        "(adj) adhering to a traditional, established faith, or to anything customary or commonly accepted",
        "conventional"
    ],
    "orotund": [
        "pompous",
        "full, rich, and clear (of the voice or speaking); pompous, bombastic"
    ],
    "ornate": [
        "elaborately decorated; showily splendid",
        "highly decorated"
    ],
    "opulence": [
        "extreme wealth; luxuriousness; abundance",
        "wealth as evidenced by sumptuous living"
    ],
    "opine": [
        "to express an opinion",
        "express an opinion"
    ],
    "omnipotent": [
        "having unlimited power",
        "all-powerful"
    ],
    "ominous": [
        "threatening or foreshadowing evil or tragic developments",
        "threatening"
    ],
    "odious": [
        "(adj.) evoking intense aversion or dislike",
        "hateful"
    ],
    "obsolete": [
        "(adj) out of date, no longer in use",
        "no longer valid"
    ],
    "obliterate": [
        "remove completely from recognition or memory",
        "destroy; demolish; eradicate"
    ],
    "objective": [
        "(adj) factual, related to reality or physical objects; not influenced by emotions, unbiased",
        "unbiased; not subjective"
    ],
    "obfuscate": [
        "(verb) to deliberately obscure; to make confusing",
        "deliberately make something difficult to understand"
    ],
    "nullify": [
        "declare invalid; make ineffective by counterbalancing the effect of",
        "to counter; make unimportant"
    ],
    "noxious": [
        "(adj.) harmful, injurious",
        "harmful; poisonous; lethal"
    ],
    "novel": [
        "(adj) new, fresh, original",
        "new; unusual"
    ],
    "notoriety": [
        "(n) ill fame; the state of being well-known for a disgraceful reason",
        "infamy; known for wrong doing"
    ],
    "nostalgia": [
        "longing for something past",
        "longing for the past"
    ],
    "nonentity": [
        "a person of no influence",
        "a person of no importance; not famous"
    ],
    "nomadic": [
        "migratory",
        "wandering from place to place"
    ],
    "negate": [
        "(v) deny or refute; make void or cause to be ineffective",
        "cancel; deny"
    ],
    "nefarious": [
        "extremely wicked",
        "wicked; immoral; disreputable"
    ],
    "multifarious": [
        "diverse",
        "diverse, having a lot of variety"
    ],
    "mores": [
        "fixed customs or manners; moral attitudes",
        "(n) customs, manners, or morals of a particular group"
    ],
    "monotony": [
        "no variation; tediously the same",
        "(n) sameness or repetitiousness to the point of being boring; lack of variation, uniformity, esp. repetition in sound"
    ],
    "monolithic": [
        "imposing in size or bulk or solidity",
        "united in purpose; forming a single unit"
    ],
    "monastic": [
        "extremely plain or secluded",
        "relating to or resembling a monastery (where monks or nuns live), esp. by being quiet, secluded, contemplative, strict, and/or lacking luxuries"
    ],
    "molt": [
        "to shed hair, skin, or an outer layer periodically",
        "shed or cast off, esp. to regularly shed skin, feathers, etc. (as a snake)"
    ],
    "modest": [
        "(adj) humble; simple rather than showy; decent (esp. \"covering up\" in terms of dress); small, limited",
        "1. bashful; unpretentious; 2. not excessive"
    ],
    "missive": [
        "a written note or letter",
        "letter, written message"
    ],
    "misogynist": [
        "a person who dislikes women in particular",
        "hater of women"
    ],
    "misconstrue": [
        "to interpret wrongly",
        "interpret in the wrong way"
    ],
    "mirth": [
        "frivolity; gaiety; laughter",
        "jollity, merriment; amusement or laughter"
    ],
    "mince": [
        "(verb) to soften/moderate one's words, especially for the sake of decorum",
        "1. chop into small pieces; 2. walk with tiny steps, 3. speak in an affected manner"
    ],
    "minatory": [
        "(adj.) menacing, threatening (reminds you of the minotaur, a threatening creature indeed)",
        "threatening"
    ],
    "milk": [
        "(verb) to exploit; to squeeze every last ounce of",
        "to squeeze; obtain by application of pressure"
    ],
    "militate": [
        "to operate against; work against",
        "have a great effect, weigh heavily (often as militate against)"
    ],
    "mettlesome": [
        "full of courage and fortitude",
        "spirited [mettle (n)]"
    ],
    "metamorphosis": [
        "(n) a complete change or transformer (in biology, a change such as a caterpillar becoming a pupa and then a butterfly)",
        "striking change in appearance or character or circumstances"
    ],
    "mercenary": [
        "a person hired to fight for another country than their own",
        "concerned only with money or gain"
    ],
    "mendacity": [
        "the condition of being untruthful; dishonesty",
        "(noun) the condition of being untruthful; dishonest (adj. form"
    ],
    "meander": [
        "to wander about, wind about; a sharp turn or twist",
        "wander from side to side; a bend or curve, as in a stream or river"
    ],
    "maxim": [
        "a short saying expressing a general truth",
        "a general truth or fundamental principle, esp. expressed as a proverb or saying"
    ],
    "martial": [
        "suggesting war or military life",
        "(adj.) associated with war and the armed forces"
    ],
    "mar": [
        "to damage or deface; spoil",
        "damage, spoil, ruin"
    ],
    "manifest": [
        "obvious, apparent, perceptible to the eye (adj); to show, make clear, or prove (verb)",
        "clearly revealed to the mind or the senses or judgment"
    ],
    "malingerer": [
        "one who feigns illness to escape duty;",
        "person who deliberately tries to avoid work"
    ],
    "malapropism": [
        "humorous misuse of a word",
        "the unintentional misuse of a word by confusion with one that sounds similar"
    ],
    "maladroit": [
        "clumsy; unskillful",
        "clumsy; unskillful"
    ],
    "machination": [
        "plot or scheme",
        "crafty schemes or plots"
    ],
    "lurid": [
        "gruesome or excessively vivid; sensational, shocking, unrestrained",
        "horrible in fierceness or savagery"
    ],
    "longevity": [
        "the property of being long lived",
        "long life"
    ],
    "loath": [
        "unwilling, reluctant;",
        "strongly opposed"
    ],
    "lithe": [
        "moving and bending with ease",
        "flexible; supple"
    ],
    "listless": [
        "lacking energy and enthusiasm",
        "spiritless, lacking interest or energy"
    ],
    "list": [
        "(verb) to tilt or lean to one side",
        "(v)1. to lean to one side; 2. to write in order"
    ],
    "lissome": [
        "easily flexed; limber; agile",
        "flexible, supple, agile"
    ],
    "licentious": [
        "immoral; unrestrained by society",
        "sexually unrestrained; immoral; ignoring the rules"
    ],
    "liberal": [
        "tolerant or broad-minded; generous or lavish",
        "(adj, n) favorable to progress or reform; believing in maximum possible individual freedom; tolerant, open-minded; generous (adj); a person with such beliefs or practices (noun)"
    ],
    "legion": [
        "a large military unit",
        "in large numbers"
    ],
    "languish": [
        "to become weak or feeble; to lose strength;",
        "decay; fade away; get weaker"
    ],
    "landmark": [
        "(n, adj) object (such as a building) that stands out and can be used to navigate by; very important place, event, etc.",
        "the position of a prominent or well-known object"
    ],
    "lament": [
        "to express sorrow; to grieve",
        "(v, n) mourn; express grief, sorrow, or regret (verb); an expression of grief, esp. as a song or poem (noun)"
    ],
    "lackluster": [
        "(adj) not shiny; dull, mediocre, lacking brilliance or vitality",
        "dull; monotonous; bland"
    ],
    "laceration": [
        "the act of tearing irregularly",
        "a cut, wound"
    ],
    "labyrinth": [
        "complex system of paths in which it is easy to get lost",
        "a maze"
    ],
    "kudos": [
        "fame, glory, or honor",
        "(n) praise, honor, congratulations"
    ],
    "knell": [
        "sound of a funeral bell; omen of death or failure",
        "the sound made by a bell for a funeral, or any sad sound or signal of a failure, death, ending, etc. (noun); to make such a sound (verb)"
    ],
    "kinetic": [
        "relating to motion; characterized by movement",
        "pertaining to motion"
    ],
    "keen": [
        "having a sharp edge; intellectually sharp; perceptive",
        "(adj) sharp, piercing; very perceptive or mentally sharp; intense (of a feeling)"
    ],
    "juncture": [
        "point of time, especially where two things are joined",
        "(n) critical point in time, such as a crisis or a time when a decision is necessary; a place where two things are joined together"
    ],
    "jeopardize": [
        "pose a threat to; present a danger to",
        "put at risk; endanger"
    ],
    "jejune": [
        "dull; lacking flavor",
        "(adj.) vapid, uninteresting; childish, immature, peurile"
    ],
    "irrevocable": [
        "incapable of being retracted or revoked",
        "cannot be cancelled; unchangeable"
    ],
    "irresolute": [
        "uncertain how to act or proceed",
        "wavering, not sure how to proceed, not firm in one's decision-making"
    ],
    "irrational": [
        "not consistent with or using reason",
        "unreasonable; absurd"
    ],
    "investiture": [
        "ceremony conferring authority",
        "investing; formally giving someone a right or title"
    ],
    "inured": [
        "(adj.) accustomed to accepting something undesirable",
        "hardened; habituated"
    ],
    "intrinsic": [
        "(adj) belonging to the essential nature of a thing",
        "belonging to a thing by its very nature"
    ],
    "intimate": [
        "to suggest something subtly",
        "(verb) to imply, suggest, or insinuate"
    ],
    "internecine": [
        "mutually destructive;",
        "(of conflict) within a group or organization; destructive to both sides in a conflict"
    ],
    "interminable": [
        "tiresomely long; seemingly without end",
        "never-ending"
    ],
    "inter": [
        "to bury",
        "bury (a dead body) or place in a tomb"
    ],
    "intelligible": [
        "(adj) able to understood, clear",
        "can be understood"
    ],
    "insurrection": [
        "rebellion",
        "rebellion or revolt against a government or similarly established authority"
    ],
    "insidious": [
        "intended to deceive or entrap; sly, treacherous",
        "working or spreading in a hidden and usually injurious way"
    ],
    "inscrutable": [
        "not easily understood; unfathomable",
        "mysterious; impenetrable"
    ],
    "inquest": [
        "an investigation; an inquiry",
        "legal or judicial inquiry, especially before a jury and especially made by a coroner into the cause of someone's death; the results of such an inquiry"
    ],
    "inordinate": [
        "excessive, not within proper limits, unrestrained",
        "beyond normal limits"
    ],
    "innate": [
        "present at birth but not necessarily hereditary",
        "inherited; inborn"
    ],
    "inimitable": [
        "not capable of being copied or imitated",
        "(adj.) one of a kind, peerless; unrivaled"
    ],
    "inherent": [
        "(adj) existing as a permanent, essential quality; intrinsic",
        "existing as an essential constituent or characteristic"
    ],
    "infelicitous": [
        "unfortunate; inappropriate;",
        "(adj.) unfortunate; inappropriate"
    ],
    "infamous": [
        "known widely and usually unfavorably",
        "famous for something bad"
    ],
    "inevitable": [
        "incapable of being avoided or prevented",
        "cannot be avoided"
    ],
    "ineluctable": [
        "not to be avoided or escaped; inevitable;",
        "(adj.) certain, inevitable"
    ],
    "ineffable": [
        "inexpressible",
        "cannot be expressed in words"
    ],
    "indigence": [
        "extreme poverty",
        "extreme poverty or destitution"
    ],
    "indifference": [
        "the trait of seeming not to care",
        "the trait of remaining calm and seeming not to care"
    ],
    "indict": [
        "to formally charge or accuse of wrong-doing",
        "accuse formally of a crime"
    ],
    "indefatigable": [
        "untiring, not able to become fatigued",
        "(adj.) not easily exhaustible; tireless, dogged"
    ],
    "indecorous": [
        "lacking good taste; improper",
        "unseemly; inappropriate (of behavior)"
    ],
    "incumbent": [
        "necessary (for someone) as a duty or responsibility",
        "necessary as a duty or responsibility; morally binding"
    ],
    "inculcate": [
        "to teach; impress in the mind",
        "teach persistently, implant (an idea) in a person"
    ],
    "incontrovertible": [
        "indisputable; not open to question",
        "impossible to deny or disprove"
    ],
    "inconsequential": [
        "(adj) insignificant, unimportant; illogical",
        "unimportant; insignificant; negligible"
    ],
    "incoherent": [
        "without logical or meaningful connection",
        "not clear; unintelligible; muddled; illogical"
    ],
    "inclement": [
        "unpleasant, stormy (of weather); used of persons or behavior; showing no mercy",
        "severe , of weather"
    ],
    "incisive": [
        "having or demonstrating ability to recognize or draw fine distinctions",
        "demonstrating ability to recognize or draw fine distinctions"
    ],
    "incessant": [
        "uninterrupted in time and indefinitely long continuing",
        "without stopping"
    ],
    "incarnadine": [
        "blood-red in color",
        "blood red or flesh-colored"
    ],
    "impute": [
        "attribute (responsibility or fault) to something",
        "credit, attribute; lay blame or responsibility for (sometimes falsely)"
    ],
    "impunity": [
        "exemption from punishment or loss",
        "(noun) immunity from punishment, penalty or harm"
    ],
    "imprudent": [
        "unwise, not careful",
        "not wise"
    ],
    "impromptu": [
        "with little or no preparation or forethought",
        "unrehearsed; spontaneous"
    ],
    "imprecation": [
        "a curse",
        "curse; prayer for harm to come to someone"
    ],
    "importune": [
        "beg persistently and urgently",
        "beg; solicit [importunate (a)]"
    ],
    "imperious": [
        "domineering",
        "commanding, domineering; acting like a high-ranking person; urgent"
    ],
    "imperative": [
        "requiring attention or action",
        "must be obeyed"
    ],
    "impeccable": [
        "without fault or error",
        "without fault or error"
    ],
    "impassive": [
        "not having or not showing physical feeling or emotion",
        "(adj.) revealing no emotion"
    ],
    "impasse": [
        "blocked path; dilemma with no solution",
        "position or road from which there is no escape; deadlock"
    ],
    "imbue": [
        "to infuse, dye, wet, or moisten",
        "permeate or saturate, as dye in a fabric; influence throughout"
    ],
    "imbroglio": [
        "a confusing and potentially embarrassing situation",
        "(noun) difficult or embarrassing situation"
    ],
    "imbibe": [
        "to drink or absorb as if drinking",
        "absorb or assimilate"
    ],
    "idyllic": [
        "presenting a positive, peaceful view of rural life (as poetry or prose); pleasant in a natural, simple way",
        "charmingly simple and serene"
    ],
    "husband": [
        "to manage economically; to use sparingly",
        "manage prudently, sparingly, or economically; conserve"
    ],
    "hubris": [
        "excessive pride or self-confidence",
        "(noun) overbearing presumption or pride; arrogance"
    ],
    "hostile": [
        "unfriendly",
        "characterized by enmity or ill will"
    ],
    "hoodwink": [
        "to mislead by a trick, deceive;",
        "trick, deceive"
    ],
    "hodgepodge": [
        "a confusing mixture or jumble",
        "(n) mixture of different kinds of things, jumble"
    ],
    "heterodox": [
        "(adj.) unorthodox, heretical, iconoclastic",
        "unorthodox"
    ],
    "hermetic": [
        "tightly sealed",
        "airtight, sealed, isolated; reclusive; pertaining to alchemy, occult"
    ],
    "heresy": [
        "a belief that rejects the orthodox tenets of a religion",
        "against orthodox opinion"
    ],
    "hedonist": [
        "(n) person devoted to pleasure",
        "a pleasure seeker"
    ],
    "hedonism": [
        "(noun) devotion to pleasurable pursuits, especially to the pleasures of the senses (a hedonist is someone who pursues pleasure)",
        "self indulgence; pleasure-seeking"
    ],
    "hedge": [
        "a fence formed by a row of closely planted shrubs or bushes",
        "avoid commitment by leaving provisions for withdrawal or changing one's mind; protect a bet by also betting on the other side"
    ],
    "haven": [
        "(adj) harbor or port; refuge, safe place",
        "a place of safety or refuge"
    ],
    "guileless": [
        "free of cunning or deceit; artless",
        "frank; straightforward; honest"
    ],
    "guffaw": [
        "a burst of deep loud hearty laughter",
        "sudden loud laughter"
    ],
    "grouse": [
        "complain or grumble (verb); a reason for complaint (noun)",
        "(verb) to complain or grumble"
    ],
    "grievous": [
        "causing grief or sorrow; serious and distressing",
        "causing grief or suffering; very serious, grave; flagrant, outrageous"
    ],
    "grandiloquent": [
        "pompous; bombastic",
        "relating to lofty speech, esp. to the point of being pompous, overblown, bombastic"
    ],
    "graft": [
        "illegal use of political influence for personal gain; dissemble",
        "insert part of a plant into another plant, where it continues to grow; join living tissue (such as skin) to part of the body where it will continue to live and grow; attach as if by grafting (verb); the part so grafted (as in a graft of skin); the act of acquiring money or other benefits through illegal means, esp. by abusing one's power (noun)"
    ],
    "gradation": [
        "process occurring by regular degrees or stages; variation in color",
        "(n) a progression, a process taking place gradually, in stages; one of these stages"
    ],
    "gouge": [
        "scooping or digging tool, like a chisel, or a hole made with such a tool (noun); cut or scoop out; force out a person's eye with one's thumb; swindle, extort money from (verb)",
        "cut or dig out"
    ],
    "gossamer": [
        "characterized by unusual lightness and delicacy",
        "delicate; filmy; like gauze"
    ],
    "glower": [
        "to glare or stare angrily and intensely",
        "stare in an angry, sullen way"
    ],
    "glean": [
        "collect information bit by bit",
        "gather, as of natural products"
    ],
    "glacial": [
        "pertaining to glaciers; cold, icy, slow, unsympathetic",
        "hostile; unfriendly; cold; icy"
    ],
    "gist": [
        "(n) main idea, essence",
        "essence; main point"
    ],
    "gestation": [
        "growth process from conception to birth",
        "pregnancy; the period from conception until birth of an animal or (metaphorically) of an idea or plan"
    ],
    "genre": [
        "a kind of literary or artistic work",
        "a category; type"
    ],
    "gaunt": [
        "very thin especially from disease or hunger or cold",
        "bony and angular; emaciated"
    ],
    "gauche": [
        "tactless, lacking social grace, awkward, crude",
        "(adj) tactless, lacking social grace, awkward, crude"
    ],
    "gambit": [
        "to take a risk for some advantage",
        "opening move; transaction"
    ],
    "galvanize": [
        "to excite or inspire (someone) to action;",
        "to excite or inspire; stimulate by administering a shock"
    ],
    "gall": [
        "bitterness of feeling; nerve; effrontery; cryptic",
        "1. bitterness (bad feeling); 2. confidence; 3. abnormal growth on a plant"
    ],
    "gaffe": [
        "a socially awkward or tactless act",
        "social blunder; social mistake"
    ],
    "futile": [
        "(adj) producing no useful result, ineffective; trivial unimportant",
        "useless; hopeless"
    ],
    "frustrate": [
        "hinder or prevent (the efforts, plans, or desires) of",
        "hinder or prevent, as an effort, plan or desire"
    ],
    "frivolous": [
        "not serious in content or attitude or behavior",
        "flippant"
    ],
    "fringe": [
        "(n, adj) on the margin, periphery (adj); the people in a group who hold the most extreme views (noun)",
        "1. decorative border with tassels (n); 2. to form an edge (v)"
    ],
    "forthright": [
        "characterized by directness in manner or speech; without subtlety or evasion",
        "directly and without evasion; not roundabout"
    ],
    "forestall": [
        "to prevent or delay; anticipate",
        "delay, hinder, prevent by taking action beforehand"
    ],
    "forage": [
        "wander in search of; rummage, hunt, make a raid",
        "search for food"
    ],
    "foolhardy": [
        "marked by defiant disregard for danger or consequences",
        "reckless"
    ],
    "foible": [
        "a behavioral attribute that is distinctive and peculiar to an individual",
        "idiosyncrasy; quirk; minor weakness"
    ],
    "florid": [
        "excessively decorated or embellished",
        "reddish or rosy; flowery, showy, or excessively fancy"
    ],
    "flippant": [
        "lacking in seriousness; disrespectful, saucy",
        "making jokes about serious matters; levity"
    ],
    "flamboyant": [
        "tending to attract attention because of their confidence, and stylishness",
        "showy; ornate"
    ],
    "flagrant": [
        "conspicuously and outrageously bad or reprehensible",
        "conspicuously wicked; clearly wrong"
    ],
    "finesse": [
        "(n, v) extreme delicacy, subtlety, or diplomacy in handling a sensitive situation or in a performance or skill (noun); use tact or diplomacy; employ a deceptive strategy (verb)",
        "skill"
    ],
    "filibuster": [
        "(noun) intentional obstruction, esp. using prolonged speechmaking to delay legislative action",
        "delaying tactics"
    ],
    "fickle": [
        "likely to change on a whim or without apparent reason",
        "unpredictable; whimsical; easily swayed"
    ],
    "fetid": [
        "foul-smelling; putrid",
        "stinking; having an offensive smell"
    ],
    "fervent": [
        "(adj.) greatly emotional or zealous (noun form",
        "passionate"
    ],
    "fell": [
        "terribly evil",
        "(verb) to cause to fall by striking; (adj.) inhumanely cruel"
    ],
    "feint": [
        "any distracting or deceptive maneuver",
        "pretended attack; a move intended to deceive"
    ],
    "feckless": [
        "careless or irresponsible",
        "feeble; helpless; lacking in initiative"
    ],
    "falter": [
        "move hesitatingly, as if about to give way",
        "hesitate; waver"
    ],
    "fallacy": [
        "(noun) an invalid or incorrect notion; a mistaken belief",
        "wrong idea [fallacious (a)]"
    ],
    "factitious": [
        "artificial; not natural",
        "not produced by natural forces"
    ],
    "facile": [
        "easily done or attained;",
        "arrived at without due care or effort; lacking depth"
    ],
    "facade": [
        "the face or front of a building",
        "1. front elevation of building, 2. false appearance or demeanor"
    ],
    "extrinsic": [
        "not forming an essential part of a thing",
        "irrelevant; on the outside"
    ],
    "extrapolate": [
        "(v) conjecture about an unknown by projecting information about something known; predict by projecting past experience",
        "extend; predict on the basis of known data"
    ],
    "extol": [
        "praise, glorify, or honor",
        "praise"
    ],
    "extirpate": [
        "(verb) to destroy, to exterminate, to cut out, to exscind",
        "wipe out totally; exterminate; eradicate"
    ],
    "extemporaneous": [
        "done without preparation (esp. of a speech), or with some preparation but no notes; improvised, done on the spur of the moment",
        "(adj.) improvised; done without preparation"
    ],
    "expunge": [
        "to eliminate completely",
        "remove by erasing or crossing out or as if by drawing a line"
    ],
    "exponent": [
        "one who champions or advocates",
        "(n) person who expounds or explains; champion, advocate, or representative"
    ],
    "explicit": [
        "clearly stated or shown; forthright in expression",
        "(adj) direct, clear, fully revealed; clearly depicting sex or nudity"
    ],
    "expiate": [
        "(verb) to atone or make amends for",
        "atone; make amends for"
    ],
    "expedite": [
        "process fast and efficiently",
        "make faster"
    ],
    "expatriate": [
        "a person who is voluntarily absent from home or country",
        "refugee; emigrant; someone living away from his own country"
    ],
    "exhort": [
        "to strongly urge on; encourage",
        "urge on or encourage; spur on encourage especially by cheers and shouts"
    ],
    "exhaustive": [
        "(adj) comprehensive, thorough, exhausting a topic or subject, accounting for all possibilities; draining, tending to exhaust",
        "complete and thorough"
    ],
    "exemplar": [
        "something to be imitated",
        "model type [exemplary (a)]"
    ],
    "excruciating": [
        "extremely painful",
        "extremely painful"
    ],
    "exacting": [
        "very severe in making demands; requiring precise attention",
        "(adj) very severe in making demands; requiring precise attention"
    ],
    "exact": [
        "(verb) to demand; to call for; to require; to take",
        "(v)to demand; extort"
    ],
    "ethos": [
        "beliefs or character of a group",
        "the character, personality, or moral values specific to a person, group, time period, etc."
    ],
    "espouse": [
        "to adopt or support an idea or cause",
        "promote; support"
    ],
    "errant": [
        "to be wandering; not sticking to a circumscribed path",
        "1. wandering; 2. wrong; 3. straying from accepted standards"
    ],
    "err": [
        "to make an error",
        "make a mistake"
    ],
    "eradicate": [
        "to completely destroy",
        "destroy completely, as if down to the roots"
    ],
    "equivocal": [
        "confusing or ambiguous;",
        "ambiguous; open to interpretation [equivocate (v), equivocation (n)]"
    ],
    "equitable": [
        "fair, just, embodying principles of justice",
        "(adj) fair, equal, just"
    ],
    "equanimity": [
        "composure, evenness of mind; mental or emotional stability, esp. under stress",
        "steadiness of mind under stress"
    ],
    "epithet": [
        "descriptive word or phrase",
        "phrase used as a label or to express the essential nature of"
    ],
    "epigram": [
        "witty comment",
        "short, witty saying"
    ],
    "ennui": [
        "the feeling of being bored by something tedious",
        "(noun) dissatisfaction and restlessness resulting from boredom"
    ],
    "enigmatic": [
        "(adj.) mysterious, obscure, difficult to understand",
        "puzzling"
    ],
    "emollient": [
        "(noun) soothing, especially to the skin; making less harsh; mollifying",
        "softening (a); something which softens (n)"
    ],
    "emaciated": [
        "very thin especially from disease or hunger or cold",
        "very thin; withered"
    ],
    "elaborate": [
        "marked by complexity and richness of detail; explain in more detail",
        "1. complex and detailed (a); 2. to expand on (v)"
    ],
    "egress": [
        "an exit or the action of exiting",
        "exit"
    ],
    "edify": [
        "to instruct morally and spiritually",
        "uplift, enlighten, instruct or improve in a spiritual or moral way"
    ],
    "edifice": [
        "a structure that has a roof and walls",
        "building; structure; construction"
    ],
    "dyspeptic": [
        "suffering from indigestion; gloomy and irritable",
        "grumpy, pessimistic, irritable; suffering from dyspepsia (indigestion)"
    ],
    "duress": [
        "compulsion by threat or force",
        "compulsory force or threat"
    ],
    "dovetail": [
        "to fit together exactly",
        "join or fit together"
    ],
    "dormant": [
        "(adj) asleep, inactive, on a break",
        "inactive but capable of becoming active"
    ],
    "doleful": [
        "filled with or evoking sadness;",
        "filled with or evoking sadness"
    ],
    "dogma": [
        "a firmly held opinion, especially a religious belief",
        "(n) a system of principles laid down by an authority; established belief"
    ],
    "doff": [
        "take off (such as clothes), put aside; remove one's hat as a gesture",
        "take off (esp. of a hat)"
    ],
    "doctrinaire": [
        "rigidly devoted to theories without regard for practicality; dogmatic",
        "person who applies doctrine in an impractical or rigid and close-minded way (noun); merely theoretical, impractical, or fanatical about other people accepting one's ideas (adj)"
    ],
    "divulge": [
        "make known to the public information previously kept secret",
        "(verb) to disclose something secret"
    ],
    "divine": [
        "to foretell or know by inspiration",
        "(v) discover through divination or supernatural means; perceive by insight"
    ],
    "divest": [
        "(v) deprive or strip of rank, title, etc., or of clothing or gear; to sell off holdings (opposite of invest)",
        "remove; take off"
    ],
    "dither": [
        "to act confusedly or without clear purpose",
        "act indecisively (verb); a state of fear or trembling excitement"
    ],
    "distend": [
        "to swell, inflate, or bloat",
        "swell, expand, stretch, bloat"
    ],
    "distaff": [
        "the female branch of a family",
        "female, esp. relating to the maternal side of the family; women or women's work; a staff that holds wool or flax for spinning"
    ],
    "dissolution": [
        "disintegration; looseness in morals;",
        "dissolving, the state of having been dissolved; breaking bonds or breaking up of a group of people; death, disintegration; sinking into extreme hedonism, vice, and degradation"
    ],
    "dissent": [
        "(v, n) disagree or take an opposing view, esp. in relation to a formal body such as a government, political party, or church; such a view",
        "a difference in opinion"
    ],
    "disdain": [
        "lack of respect accompanied by a feeling of intense dislike",
        "contempt; strong dislike"
    ],
    "discursive": [
        "rambling;",
        "digressing; rambling"
    ],
    "discrepancy": [
        "(n) difference or inconsistency",
        "something which does not match up; inconsistency"
    ],
    "discordant": [
        "harsh or inharmonious in sound; disagreeing, incongruous",
        "(adj.) conflicting; dissonant or harsh in sound"
    ],
    "discord": [
        "lack of agreement or harmony",
        "disagreement"
    ],
    "diminutive": [
        "very small;",
        "extremely or unusually small"
    ],
    "diligent": [
        "characterized by care and perseverance in carrying out tasks",
        "hard-working"
    ],
    "dilate": [
        "to make larger; expand",
        "to become wider or make wider, cause to expand; to speak or write at length, elaborate upon"
    ],
    "digress": [
        "(v) go off-topic when speaking or writing",
        "wander off the subject"
    ],
    "dictum": [
        "authoritative statement",
        "formal or authoritative pronouncement; saying or proverb"
    ],
    "dichotomy": [
        "division into two parts or into two contradictory groups",
        "a division into two parts"
    ],
    "dexterity": [
        "adroitness in using the hands",
        "skill, esp. with hands [dexterous (a)]"
    ],
    "detrimental": [
        "causing harm or injury",
        "harmful"
    ],
    "desist": [
        "choose not to consume",
        "stop; discontinue; cease"
    ],
    "desiccate": [
        "to dry out thoroughly",
        "(v) thoroughly dried up, dehydrated"
    ],
    "desecrate": [
        "to willfully violate or destroy a sacred place",
        "to damage or pollute a holy place"
    ],
    "descry": [
        "(verb) to discriminate or discern; to catch sight of",
        "to see (esp. at a distance); catch sight of"
    ],
    "derogatory": [
        "expressive of low opinion",
        "uncomplimentary"
    ],
    "derivative": [
        "derived from something else; not original",
        "(adj) derived from something else; not original"
    ],
    "derision": [
        "(noun) scorn, ridicule, contemptuous treatment (adj. form",
        "ridicule"
    ],
    "deprecate": [
        "express strong disapproval of; deplore",
        "criticize; denounce"
    ],
    "denouement": [
        "conclusion; resolution; the falling action of a story after its climax",
        "(noun) an outcome or solution; the unraveling of a plot"
    ],
    "delineation": [
        "act of representing something or describing it",
        "explanation; definition; outlining"
    ],
    "delineate": [
        "to represent or depict",
        "(v) mark the outline of; sketch; describe in detail"
    ],
    "deign": [
        "condescend",
        "condescend"
    ],
    "degrade": [
        "to lower in dignity or status; to corrupt; to deteriorate",
        "reduce in worth or character, usually verbally"
    ],
    "deferential": [
        "showing respect",
        "showing respect [deference (n); defer (v)]"
    ],
    "deface": [
        "to mar the appearance of; vandalize",
        "(v) vandalize, mar the appearance of"
    ],
    "deem": [
        "(v) judge; consider",
        "keep in mind or convey as a conviction"
    ],
    "declivity": [
        "downward slope",
        "downward slope"
    ],
    "declaim": [
        "speak in an impassioned, pompous, or oratorical manner; give a formal speech",
        "speak very passionately against something"
    ],
    "debunk": [
        "expose as false ideas and claims, especially while ridiculing",
        "(v) expose, ridicule, or disprove false or exaggerated claims"
    ],
    "debase": [
        "reduce the quality or value of something",
        "(v) degrade; lower in quality, value, rank, etc.; lower in moral quality"
    ],
    "dearth": [
        "lack or shortage of; an insufficient quantity or number",
        "(noun) smallness of quantity or number; scarcity; a lack"
    ],
    "damp": [
        "(verb) to diminish the intensity or check the vibration of a sound",
        "(used of vibration) reduce in extent"
    ],
    "cynical": [
        "(adj) thinking the worst of others' motivations; bitterly pessimistic",
        "believing that people act only out of selfish motives"
    ],
    "curtail": [
        "terminate or abbreviate before its intended or proper end",
        "cut short"
    ],
    "culpable": [
        "deserving blame or censure as being wrong or injurious",
        "(adj.) deserving blame (noun form"
    ],
    "culpability": [
        "a state of guilt",
        "guilt [culpable = blameworthy]"
    ],
    "cryptic": [
        "having a secret or hidden meaning",
        "puzzling; enigmatic"
    ],
    "crescendo": [
        "steadily increasing in volume or force",
        "(n) steady increase in force, intensity, or the loudness of a musical passage; a climactic moment or peak"
    ],
    "creditable": [
        "deserving of praise but not that amazing",
        "praiseworthy"
    ],
    "countenance": [
        "(n, v) facial expression or face (noun); approve or tolerate (verb)",
        "the appearance conveyed by a person's face"
    ],
    "cosset": [
        "to pamper; treat with great care",
        "treat as a pet, pamper"
    ],
    "cosmopolitan": [
        "comprising many cultures; global in reach and outlook",
        "(adj) belonging to the entire world, at home globally; free from local or national prejudices or attachments"
    ],
    "corpulent": [
        "excessively fat",
        "fat"
    ],
    "cornucopia": [
        "an abundant supply of something good",
        "symbol (horn filled with fruit etc.) denoting natural abundance"
    ],
    "contrition": [
        "repentance; remorse; penitence",
        "sorrow and repentance"
    ],
    "contiguous": [
        "(adj.) sharing a border; touching; adjacent",
        "adjacent; touching; abutting [contiguity (n)]"
    ],
    "contemptuous": [
        "lacking respect; scornful",
        "expressing extreme scorn"
    ],
    "consternation": [
        "fear resulting from the awareness of danger",
        "worry and concern"
    ],
    "conspicuous": [
        "without any attempt at concealment; completely obvious",
        "obvious to the eye or mind; easily seen; prominent"
    ],
    "consecrate": [
        "to make holy or set apart for a high purpose",
        "dedicate; sanctify"
    ],
    "conniving": [
        "conspiring to do bad",
        "collusive; cunning; scheming [connive (v)]"
    ],
    "conducive": [
        "making a situation or outcome more likely to happen",
        "tending to bring about; being partly responsible for; presenting favourable circumstances"
    ],
    "concur": [
        "(v) approve, agree",
        "be in accord; be in agreement"
    ],
    "concomitant": [
        "existing concurrently; accompanying in a subordinate fashion;",
        "following or accompanying as a consequence"
    ],
    "conciliate": [
        "to make peace with",
        "to bring together; end a dispute"
    ],
    "concede": [
        "to admit as true; to yield, submit",
        "(v) give in, admit, yield; acknowledge reluctantly; grant or give up (such as giving up land after losing a war)"
    ],
    "compound": [
        "make more intense, stronger, or more marked",
        "make more intense, stronger or more marked"
    ],
    "compliant": [
        "(adj) obeying, submissive; following the requirements",
        "easy to control; submissive"
    ],
    "complementary": [
        "adjective",
        "(adj) completing; fitting together well; filling mutual needs"
    ],
    "complaisant": [
        "overly polite; willingness to comply with the wishes of others;",
        "eager to please; cheerfully complying"
    ],
    "complaisance": [
        "(noun) the willingness to comply with the wishes of others",
        "compliancy; flexibility; willingness to please [complaisant (a)]"
    ],
    "coffer": [
        "strongbox; large chest for money",
        "chest for storing valuables; financial resources, a treasury"
    ],
    "coerce": [
        "to cause to do through pressure or necessity",
        "force [coercion (n); coercing (a)]"
    ],
    "coda": [
        "final part of a musical composition; an ending, esp. one that sums up what has come before",
        "piece of music at the end of a musical work; finale; final part of document"
    ],
    "cloying": [
        "sickly sweet; excessive",
        "disgustingly or distastefully sweet"
    ],
    "cliche": [
        "a trite or obvious remark",
        "overused expression; something unoriginal"
    ],
    "clemency": [
        "mercy, humaneness; mildness, moderateness",
        "mercy"
    ],
    "clandestine": [
        "conducted with or marked by hidden aims or methods",
        "secret; covert; stealthy"
    ],
    "clamor": [
        "(v) noisy uproar or protest, as from a crowd; a loud, continuous noise",
        "shout; scream"
    ],
    "circumvent": [
        "to get around; to bypass",
        "avoid"
    ],
    "choleric": [
        "easily angered",
        "irascible; easily angered"
    ],
    "chimerical": [
        "like a grotesque product of the imagination",
        "changeable; unstable"
    ],
    "chimera": [
        "a fantasy; a horrible creature of the imagination",
        "(noun) an illusion; originally, an imaginary fire-breathing she monster"
    ],
    "chauvinism": [
        "fanatical devotion",
        "(n) fanatical patriotism or blind enthusiasm for military glory; undue or biased devotion to any group, cause, etc."
    ],
    "chagrin": [
        "embarrassment; a complete loss of courage;",
        "strong feelings of embarrassment"
    ],
    "cerebral": [
        "involving intelligence rather than emotions or instinct",
        "intellectual"
    ],
    "cartography": [
        "science or art of making maps",
        "(n) mapmaking"
    ],
    "carping": [
        "to find fault; complain",
        "constant criticism; fault-finding"
    ],
    "capitulate": [
        "surrender under agreed conditions",
        "surrender; give in to"
    ],
    "cant": [
        "hypocritical and sanctimonious talk, typically of moral, religious, or political nature",
        "insincere talk"
    ],
    "candor": [
        "the quality of being honest and straightforward",
        "frankness; openness"
    ],
    "cajole": [
        "influence or urge by gentle urging, caressing or flattering",
        "coax"
    ],
    "bureaucracy": [
        "(n) government characterized by many bureaus and petty administrators or by excessive, seemingly meaningless requirements",
        "officialdom"
    ],
    "bulwark": [
        "an embankment built around a space for defensive purposes",
        "fortification; barricade; wall"
    ],
    "broach": [
        "(verb) to bring up; to announce; to begin to talk about",
        "start to discuss; approach"
    ],
    "boorish": [
        "ill-mannered and coarse or contemptible in behavior or appearance",
        "ill-mannered"
    ],
    "bonhomie": [
        "good-natured geniality; atmosphere of good cheer",
        "friendliness, open and simple good heartedness"
    ],
    "bogus": [
        "(adj) fake, fraudulent",
        "fraudulent; having a misleading appearance"
    ],
    "blight": [
        "to afflict; destroy",
        "disease that kills plants rapidly, or any cause of decay or destruction (noun); ruin or cause to wither (verb)"
    ],
    "bigot": [
        "a prejudiced person who is intolerant of differing opinions",
        "narrow-minded, prejudiced person"
    ],
    "bifurcate": [
        "to divide into two parts",
        "to fork into two branches or divide into two halves"
    ],
    "bevy": [
        "group",
        "group of birds or other animals that stay close together; any large group"
    ],
    "besmirch": [
        "damage the good name and reputation of someone",
        "smear so as to make dirty or stained; attack the good name of"
    ],
    "bereft": [
        "deprived of; made unhappy through a loss;",
        "sorrowful through loss or deprivation"
    ],
    "benevolent": [
        "showing or motivated by sympathy and understanding; to wish good for others",
        "kindly"
    ],
    "bemoan": [
        "complain about",
        "lament; regret strongly"
    ],
    "base": [
        "the lowest, class were without any moral principles",
        "(adj) morally low, mean, dishonorable; of little or no value; crude and unrefined; counterfeit"
    ],
    "banality": [
        "a trite or obvious remark",
        "ordinariness; dullness"
    ],
    "baleful": [
        "destructive, deadly",
        "evil"
    ],
    "badger": [
        "to tease, annoy, harass persistently",
        "to bother repeatedly, pester, harass"
    ],
    "avid": [
        "(adj) enthusiastic, dedicated, passionate; excessively desirous",
        "marked by active interest and enthusiasm"
    ],
    "aversion": [
        "a feeling of intense dislike",
        "firm dislike"
    ],
    "avaricious": [
        "excessively greedy",
        "greedy for money"
    ],
    "auspicious": [
        "favorable, the opposite of sinister;",
        "favorable; promising to turn out well"
    ],
    "audacity": [
        "aggressive boldness in social situations",
        "aggressive boldness or unmitigated effrontery"
    ],
    "atrophy": [
        "gradually decline in effectiveness",
        "waste away from lack of use"
    ],
    "atavism": [
        "a reappearance of an earlier characteristic",
        "a reappearance of an earlier characteristic"
    ],
    "astute": [
        "marked by hardheaded intelligence",
        "perceptive; sharp-witted"
    ],
    "ascribe": [
        "refer to something, attribute",
        "assign or credit to a certain cause or source"
    ],
    "ascertain": [
        "(v) find out with certainty",
        "learn or discover with confidence"
    ],
    "artifact": [
        "(n) any object made by humans, especially those from an earlier time, such as those excavated by archaeologists",
        "a man made object taken as a whole"
    ],
    "ardent": [
        "very passionate, devoted, or enthusiastic",
        "characterized by intense emotion, passionate"
    ],
    "arbiter": [
        "judge, umpire, person empowered to decide matters at hand",
        "someone chosen to judge and decide a disputed issue"
    ],
    "appreciable": [
        "large enough to be noticed",
        "(adj.)enough to be perceived, considerable"
    ],
    "apposite": [
        "highly appropriate, suitable, or relevant",
        "fitting; suitable"
    ],
    "apotheosis": [
        "the finest example",
        "(noun) deification; glorification to godliness; an exalted example; model of excellence or perfection"
    ],
    "apogee": [
        "the highest point",
        "(noun) farthest or highest point; culmination; zenith"
    ],
    "aphoristic": [
        "something that is a concise and instructive of a general truth or principle",
        "expressed tersely [aphorism (n) = short statement; maxim]"
    ],
    "antithetical": [
        "sharply contrasted in character or purpose",
        "directly opposed, opposite; involving antithesis (the rhetorical act of placing two phrases opposite one another for contrast, as in love me or hate me)"
    ],
    "antedate": [
        "precede in time",
        "be older than, precede in time; assign to an earlier date"
    ],
    "antagonize": [
        "to annoy or provoke to anger",
        "(v) make hostile or unfriendly"
    ],
    "animosity": [
        "intense hostility",
        "hatred; antagonism"
    ],
    "anarchy": [
        "(n) absence of law or government; chaos, disorder",
        "chaos; lack of government"
    ],
    "analgesia": [
        "a lessening or pain without loss of consciousness",
        "pain relief; inability to feel pain"
    ],
    "amiable": [
        "friendly",
        "friendly"
    ],
    "amenable": [
        "easily persuaded;",
        "(adj.) agreeable; responsive to suggestion"
    ],
    "ambivalent": [
        "uncertain; unable to decide, or wanting to do two contradictory things at once; officious",
        "(adj) uncertain; unable to decide, or wanting to do two contradictory things at once"
    ],
    "altruism": [
        "the quality of unselfish concern for the welfare of others",
        "putting others first; being self-sacrificing"
    ],
    "allay": [
        "lessen the intensity of or calm",
        "to lessen"
    ],
    "alchemy": [
        "(noun) a medieval science aimed at the transmutation of metals, esp. base metals into gold (an alchemist is one who practices alchemy)",
        "medieval chemistry"
    ],
    "affluent": [
        "wealthy",
        "having an abundant supply of money or possessions of value"
    ],
    "aerie": [
        "a nest built high in the air; an elevated, often secluded, dwelling",
        "dwelling or fortress built on a high place; the nest of a bird of prey, such as an eagle or hawk, built on a mountain or cliff"
    ],
    "adverse": [
        "(adj) opposing, harmful",
        "in an opposing direction"
    ],
    "adulation": [
        "(noun) excessive praise; intense adoration",
        "strong admiration; worship"
    ],
    "adroit": [
        "quick or skillful or adept in action or thought",
        "skilful"
    ],
    "admonitory": [
        "serving to warn; expressing reproof or reproach especially as a corrective",
        "scolding [admonition (n)]"
    ],
    "acumen": [
        "keen, quick, accurate insight or judgment",
        "(noun) keen, accurate judgment or insight"
    ],
    "acquiesce": [
        "to agree or express agreement",
        "to agree to; give in to"
    ],
    "acidulous": [
        "sour in taste or manner",
        "slightly acid or sour; sharp or caustic"
    ],
    "abyss": [
        "an extremely deep hole",
        "a deep and vast space or cavity; anything profound or infinite"
    ],
    "abysmal": [
        "extremely bad",
        "very deep; very bad"
    ],
    "abstruse": [
        "difficult to understand; incomprehensible",
        "difficult to understand; obscure"
    ],
    "abscission": [
        "cutting off; sudden termination; the separation of leaves, petals, or other parts from a plant or animal",
        "cutting; process causing leaves to fall off"
    ],
    "abrasive": [
        "(adj) rough, suitable for grinding or polishing (such as sandpaper); causing irritation or annoyance",
        "rough; coarse; harsh"
    ],
    "aberration": [
        "a deviation from what is normal or expected",
        "deviation from the normal"
    ],
    "abdicate": [
        "to give up a position, right, or power",
        "(v) formally give up the throne (or some other power or responsibility)"
    ],
    "abase": [
        "to humble; disgrace",
        "degrade or humble; to lower in rank, status, or esteem"
    ]
}