{
    "zeal": [
        "passion; excitement",
        "(n) great fervor or enthusiasm for a cause, person, etc.; tireless diligence in furthering that cause; passion, ardor",
        "enthusiasm"
    ],
    "winsome": [
        "charming; happily engaging",
        "charming, engaging, esp. in a sweet and innocent way",
        "charming, engaging, esp. in a sweet and innocent way"
    ],
    "wily": [
        "clever; deceptive",
        "(adj) crafty, cunning, characterized by tricks or artifice",
        "cunning"
    ],
    "whet": [
        "stimulate, make keen or eager (esp. of an appetite)",
        "sharpen by rubbing",
        "sharpen"
    ],
    "waver": [
        "to fluctuate b/w choices",
        "to fluctuate between choices",
        "(verb) to move to and fro"
    ],
    "wary": [
        "(adj) watchful, motivated by caution, on guard against danger",
        "marked by keen caution and watchful prudence",
        "hesitant; cautious"
    ],
    "wanton": [
        "undisciplined; unrestrained; reckless",
        "no moral restraints to one's anger, desire, or appetites",
        "reckless, vicious, without regard for what is right; unjustifiable, deliberately done for no reason at all; sexually unrestrained or excessively luxurious"
    ],
    "wan": [
        "sickly pale",
        "unnaturally pale, or showing some other indication of sickness, unhappiness, etc.; weak, lacking forcefulness",
        "deficient in color suggesting physical or emotional distress"
    ],
    "vociferous": [
        "noisily crying out, as in protest",
        "noisily crying out, as in protest",
        "noisy; loud in speech; clamorous"
    ],
    "vitriolic": [
        "harsh or corrosive in tone",
        "harsh or corrosive in tone",
        "corrosive; strongly attacking"
    ],
    "vitiate": [
        "make imperfect",
        "(v.) to spoil or impair the quality or efficiency of; to corrupt, to debase, to spoil, to make ineffective",
        "weaken; sap energy"
    ],
    "vindicate": [
        "to free from blame; ; chastise",
        "show to be right by providing justification or proof",
        "prove right; remove blame"
    ],
    "vestige": [
        "a trace; remnant",
        "trace or sign of something that once existed",
        "an indication that something has been present"
    ],
    "verbose": [
        "wordy",
        "(adj) wordy",
        "talkative; long-winded; rambling"
    ],
    "venial": [
        "easily excused; pardonable",
        "warranting only temporal punishment; easily forgiven",
        "minor; unimportant"
    ],
    "veneer": [
        "thin covering",
        "thin superficial layer hiding the underlying substance",
        "surface coating"
    ],
    "usury": [
        "the practice of lending money at exorbitant rates",
        "charging interest on a loan, esp. charging illegally high or excessive interest",
        "lending money at high interest rates"
    ],
    "unprecedented": [
        "having never been done or known before; novel",
        "(adj) never before known or seen, without having happened previously",
        "never having happened before"
    ],
    "underscore": [
        "emphasize (or literally, to underline text)",
        "(v) emphasize (or, literally, to underline text)",
        "emphasize"
    ],
    "turgid": [
        "swollen as from a fluid; bloated",
        "swollen, pompous;",
        "swollen, inflated; or, metaphorically \"inflated,\" such as in overblown, pompous speech"
    ],
    "truculent": [
        "fierce and cruel; eager to fight",
        "fierce, cruel, savage; belligerent",
        "(adj.) fierce and cruel; eager to fight; not"
    ],
    "trite": [
        "lacking freshness and originality, cliche",
        "(adj) lacking freshness or originality, lacking effectiveness due to overuse, cliche",
        "unoriginal; dull"
    ],
    "travesty": [
        "exaggerated, debased, or grotesque imitation",
        "exaggerated, debased, or grotesque imitation",
        "parody; ridiculous error"
    ],
    "transitory": [
        "temporary; lasting a brief time",
        "short-lived or temporary",
        "(adj) temporary, short-lived, not lasting"
    ],
    "tractable": [
        "easily controlled or managed, docile; easily shaped or molded",
        "(adj) easily controlled or managed, docile; easily shaped or molded",
        "obedient; dutiful; polite"
    ],
    "tome": [
        "book, usually large and academic",
        "large or scholarly book; one of the volumes in a set of several books",
        "large book"
    ],
    "toady": [
        "one who flatters in the hope of gaining favors",
        "someone who flatters or acts in a servile manner for self-serving reasons",
        "sycophant; flatterer"
    ],
    "thwart": [
        "prevent; frustrate",
        "hinder or prevent, as an effort, plan or desire",
        "prevent; frustrate"
    ],
    "tenuous": [
        "(adj) long and thin, slender; flimsy, having little substance",
        "(adj.) having little substance or strength; flimsy; weak",
        "flimsy; not solid; thin; rare; slim"
    ],
    "tender": [
        "offer up something formally",
        "(verb) to proffer or offer",
        "to offer"
    ],
    "tenacious": [
        "persistent, resolute",
        "stubbornly unyielding",
        "stubborn; resolute; holding firm to a purpose"
    ],
    "table": [
        "(v) lay aside to discuss later, often as a way to postpone discussion indefinitely",
        "(verb) to remove (as a parliamentary motion) from consideration",
        "(v) put down for future discussion"
    ],
    "surreptitious": [
        "secret, stealthy",
        "marked by quiet and caution and secrecy",
        "secret; sneaky; stealthy"
    ],
    "superfluous": [
        "serving no useful purpose; more than is needed, desired, or required",
        "more than is needed, desired or required",
        "(adj.) exceeding what is sufficient or necessary"
    ],
    "succinct": [
        "briefly giving the gist of something",
        "(adj.) brief; concise",
        "concise"
    ],
    "subterfuge": [
        "an excuse or trick for escaping or hiding something",
        "deceit used in order to achieve one's goal",
        "a trick; something intended to misrepresent the true nature of an activity"
    ],
    "substantiate": [
        "(v) support with evidence or proof; give a material existence to",
        "establish or strengthen as with new evidence or facts",
        "give supporting evidence"
    ],
    "subpoena": [
        "a court order requiring a person to appear in court and give testimony",
        "(noun) a court order requiring appearance and or/testimony",
        "summons to court"
    ],
    "stymie": [
        "hinder or prevent the progress or accomplishment of",
        "hinder or prevent the progress or accomplishment of",
        "(verb) to block or thwart"
    ],
    "stratagem": [
        "trick designed to deceive an enemy",
        "military maneuver to deceive or surprise; crafty scheme",
        "plot; plan; trick"
    ],
    "stipulate": [
        "specify; make an open demand, esp. as a condition of agreement",
        "make an express demand or provision in an agreement",
        "specify [stipulation (n)]"
    ],
    "stigma": [
        "a mark of shame or discredit",
        "mark of disgrace, a figurative stain or mark on someone's reputation",
        "a symbol of disgrace or infamy"
    ],
    "staunch": [
        "firm and dependable especially in loyalty",
        "firm and dependable especially in loyalty",
        "loyal; faithful; dependable"
    ],
    "squalid": [
        "disgusting, filthy, foul, extremely neglected",
        "(adj.) sordid; wretched and dirty as from neglect (noun form",
        "dirty and demeaning"
    ],
    "spartan": [
        "highly self-disciplined; frugal; austere",
        "marked by simplicity and lack of luxury",
        "(adj) very disciplined and stern; frugal, living simply, austere; suggestive of the ancient spartans"
    ],
    "sordid": [
        "wretchedly poor; run-down; mean or selfish",
        "foul and run-down and repulsive; involving ignoble actions",
        "(adj.) characterized by filth; squalid"
    ],
    "solecism": [
        "grammatical mistake; blunder in speech",
        "a socially awkward or tactless act",
        "nonstandard use of grammar or words; mistake, esp. in etiquette"
    ],
    "shard": [
        "fragment of some brittle substance, esp. a sharp fragment of pottery, glass, etc.",
        "(noun) piece of broken pottery or glass",
        "fragment of pottery"
    ],
    "scurvy": [
        "contemptible, mean",
        "(adj.) dispicable",
        "1. disease due to lack of vitamin c; 2. contemptible; rascally"
    ],
    "sardonic": [
        "cynical; scornfully mocking",
        "scornfully or ironically mocking, cynically derisive",
        "mocking"
    ],
    "sap": [
        "(n, v) the inner fluid of a plant or any essential body fluid; energy, vitality; a person taken advantage of (noun); undermine, weaken, tire out (verb)",
        "(verb) to enervate or weaken the vitality of; (noun) a fool or nitwit",
        "1. liquid inside plants (n); 2. to drain; to undermine (v); 3. a fool (n)"
    ],
    "sanctimonious": [
        "pretending to be righteous",
        "excessively or hypocritically pious",
        "hypocritically holy"
    ],
    "salient": [
        "prominent; of notable significance",
        "obvious, standing out; projecting, protruding, jutting out",
        "having a quality that thrusts itself into attention"
    ],
    "sacrosanct": [
        "extremely sacred; beyond criticism",
        "(adj) sacred, inviolable, not to be trespassed on or violated; above any criticism",
        "very holy; inviolable"
    ],
    "ruminate": [
        "turn over in the mind, reflect on; chew cud (as a cow)",
        "to reflect deeply on a subject",
        "think over something; ponder"
    ],
    "rue": [
        "regret, remorse (noun); to feel regret or remorse (verb)",
        "feel sorry for; be contrite about",
        "regret [rueful (a)]"
    ],
    "rudimentary": [
        "elementary, relating to the basic; undeveloped, primitive",
        "(adj) elementary, relating to the basics; undeveloped, primitive",
        "being in the early stages of development"
    ],
    "rife": [
        "(adj) happening frequently, abundant, currently being reported",
        "excessively abundant",
        "common"
    ],
    "ribald": [
        "humorous in a vulgar way",
        "humorous in a vulgar way",
        "using or relating to obscene or vulgar humor"
    ],
    "reverent": [
        "feeling or expressing very deep respect and awe",
        "(adj) feeling or expressing very deep respect and awe",
        "(adj.) marked by, feeling, or expressing a feeling of profound awe and respect (noun form"
    ],
    "restive": [
        "impatient, uneasy, or restless",
        "impatient, uneasy, or restless;",
        "(adj) impatient or uneasy under the control of another; resisting being controlled"
    ],
    "respite": [
        "a period of relief or rest",
        "a pause from doing something",
        "delay in punishment; interval of relief; rest;a break; intermission"
    ],
    "resolve": [
        "reach a conclusion after a discussion or deliberation",
        "(v, n) find a solution to; firmly decide to do something; decide by formal vote (verb); firmness of purpose (noun)",
        "firmness (n)"
    ],
    "reproach": [
        "a mild rebuke or criticism",
        "(n, v) blame, disgrace (noun); criticize, express disappointment in (verb)",
        "express criticism towards"
    ],
    "repose": [
        "relaxation; leisure",
        "the act or state of resting; peacefulness, tranquility; lying dead in a grave",
        "freedom from activity"
    ],
    "renege": [
        "to fail to honor a commitment; to go back on a promise",
        "(verb) to fail to honor a commitment; to go back on a promise",
        "fail to fulfill a promise or obligation"
    ],
    "refulgent": [
        "shining, radiant",
        "(adj.) shiny; brilliant",
        "glowing; radiant"
    ],
    "rarefy": [
        "to make thinner or sparser",
        "(verb) to make or become thin, less dense; to refine",
        "make less dense [rarefaction (n)]"
    ],
    "qualm": [
        "a feeling of uneasiness",
        "uneasiness about the fitness of an action",
        "hesitation or fear"
    ],
    "puissance": [
        "power, might",
        "(noun) power, strength; puissant means powerful, strong",
        "power to influence or coerce"
    ],
    "prudent": [
        "(adj) wise in practical matters, carefully providing for the future",
        "marked by sound judgement",
        "cautious; wise"
    ],
    "proscribe": [
        "to condemn, forbid, outlaw;",
        "(v) prohibit, outlaw; denounce; exile or banish",
        "forbid"
    ],
    "propriety": [
        "the quality of behaving in a proper manner; obeying rules and customs",
        "(n) conforming to good manners or appropriate behavior; justness",
        "correct behavior"
    ],
    "propitious": [
        "favorable, giving good signs for the future, likely to work out; kind or forgiving",
        "favorable, giving good signs for the future, likely to work out; kind or forgiving",
        "presenting favorable circumstances"
    ],
    "prolix": [
        "long and wordy",
        "excessively long and wordy (of a person, piece of writing, etc.)",
        "(adj.) long winded, verbose; prolixity means verbosity"
    ],
    "profound": [
        "(adj) very insightful, penetrating deeply into a subject; pervasive intense, \"down to the very bottom;\" at the very bottom",
        "situated at or extending to great depth",
        "deep; not superficial; complete"
    ],
    "prescient": [
        "having foresight",
        "having foreknowledge or foresight, seeing the future",
        "having fore-knowledge"
    ],
    "precocious": [
        "talented beyond one's age",
        "characterized by exceptionally early development",
        "developing early"
    ],
    "preclude": [
        "keep from happening or arising; make impossible",
        "make impossible, especially beforehand",
        "prevent or make impossible; eliminate"
    ],
    "precedent": [
        "an example that may serve as a basis for imitation or later action",
        "an example that is used to justify similar occurrences",
        "a previous occurrence used as a guide"
    ],
    "precarious": [
        "fraught with danger",
        "(adj) unstable, insecure, dangerous",
        "uncertain; risky"
    ],
    "potentate": [
        "monarch or ruler with great power",
        "(n) ruler, person of great power",
        "a ruler who is unconstrained by law"
    ],
    "posit": [
        "to assume as real or conceded; propose as an explanation",
        "to put forth; assert",
        "presume, suggest, put forward (an idea)"
    ],
    "ponderous": [
        "heavy and slow moving",
        "(adj) heavy; bulky and unwieldy; dull, labored",
        "weighty; slow and heavy"
    ],
    "polemic": [
        "controversy; argument; verbal attack",
        "an aggressive argument against a specific opinion",
        "controversial argument, esp. one attacking a specific idea"
    ],
    "poignant": [
        "emotionally touching",
        "keenly distressing to the mind or feelings",
        "deeply moving; strongly affecting the emotions"
    ],
    "plummet": [
        "(v) plunge, fall straight down",
        "(verb) to plunge or drop straight down",
        "fall suddenly and steeply"
    ],
    "plucky": [
        "courageous; spunky",
        "courageous; spunky",
        "brave, spirited"
    ],
    "plausible": [
        "believable",
        "(n) believable; having the appearance of truth",
        "can be believed; reasonable"
    ],
    "plastic": [
        "able to be molded, altered, or bent",
        "(adj) able to be shaped or formed; easily influenced",
        "(adj.) moldable, pliable, not rigid"
    ],
    "placid": [
        "calm, peaceful, not easily irritated",
        "(adj) peaceful, calm, tranquil",
        "calm; peaceful"
    ],
    "pithy": [
        "profound or substantial yet concise succinct, and to the point",
        "concise and full of meaning",
        "(adj.) precise and brief"
    ],
    "pious": [
        "(adj) devout; religiously reverent and dutiful",
        "(adj.) extremely reverent or devout; showing strong religious devotion (noun form",
        "very religious"
    ],
    "pinnacle": [
        "the highest point",
        "the most successful point; the top",
        "topmost point"
    ],
    "philanthropy": [
        "charity; a desire or effort to promote goodness",
        "(n) efforts to improve the well-being of humankind, generally through giving money",
        "charity; love of mankind"
    ],
    "pervasive": [
        "(adj) tending to spread throughout",
        "(adj.) having the tendency to permeate or spread throughout",
        "spreading everywhere"
    ],
    "pertinent": [
        "having precise or logical relevance to the matter at hand",
        "being of striking appropriateness; having precise or logical relevance to the matter at hand",
        "relevant"
    ],
    "permeate": [
        "to penetrate",
        "(v) spread or penetrate throughout",
        "spread or diffuse through"
    ],
    "penchant": [
        "(n) liking or inclination",
        "a strong liking",
        "inclination; leaning; tendency; predilection"
    ],
    "pellucid": [
        "transparent, translucent; clear, easy to understand",
        "(adj.) transparent, easy to understand, limpid",
        "transparently clear"
    ],
    "pedant": [
        "someone who shows off learning",
        "person who pays excessive attention to book learning and rules, or who uses his or her learning to show off",
        "scholar who overemphasizes book learning or technicalities"
    ],
    "pedagogy": [
        "the profession of a teacher",
        "(noun) the profession or principles of teaching, or instruction",
        "science of education; teaching"
    ],
    "peccadillo": [
        "minor sin or offense",
        "(n) small sin or fault",
        "slight offense"
    ],
    "paucity": [
        "(n) scarcity, the state of being small in number",
        "lack of something; an insufficient quantity or number",
        "shortage; dearth"
    ],
    "patronize": [
        "to sponsor or support; to be kind or helpful in a snobbish way, as if dealing with an inferior",
        "1. to talk down to; condescend; 2. to be a customer of",
        "condescend to; behave in an arrogant manner towards"
    ],
    "pastiche": [
        "piece of literature or music imitating other works",
        "mix of incongruous parts; artistic work imitating the work of other artists, often satirically",
        "work (usually artistic) which imitates, or is composed of parts taken from varied sources"
    ],
    "parry": [
        "to ward off or deflect, especially by a quick-witted answer",
        "deflect or avoid (esp. a blow or attack); skillfully evade (a question)",
        "ward off; avoid"
    ],
    "panache": [
        "flamboyance or dash in style and action; verve",
        "flair, style, swagger; a flamboyant or grand way of acting",
        "flair, style, swagger; a flamboyant or grand way of acting"
    ],
    "pallid": [
        "lacking color or liveliness",
        "abnormally pale (as skin); lacking color or vitality",
        "pale"
    ],
    "overwrought": [
        "agitated; overdone",
        "overly nervous, agitated, or excited; too ornate, elaborate, or fussy; overdone",
        "extremely agitated; hysterical"
    ],
    "ostensible": [
        "apparent, but not necessarily true",
        "professed, evident, or pretended; outwardly appearing in a certain way",
        "stated or appearing to be true, but not necessarily so"
    ],
    "officious": [
        "too helpful; meddlesome",
        "(adj) excessively eager in giving unwanted advice or intruding where one is not wanted; meddlesome, pushy",
        "domineering; intrusive; meddlesome"
    ],
    "occult": [
        "(n, adj, v) the supernatural (noun); pertaining to magic, astrology, etc.; mysterious, secret or hidden (adj); to hide, to shut off from view",
        "supernatural forces and events and beings collectively",
        "(adj.) hidden, concealed, beyond comprehension"
    ],
    "occlude": [
        "to stop up; prevent the passage of",
        "stop up, close, shut in or shut off",
        "(verb) to obstruct or block"
    ],
    "obtuse": [
        "slow to learn or understand",
        "(adj.) lacking sharpness of intellect, not clear or precise in thought or expression",
        "mentally dull"
    ],
    "obstreperous": [
        "noisy and difficult to control",
        "(adj.) noisily and stubbornly defiant, aggressively boisterous",
        "noisy and boisterous"
    ],
    "obscure": [
        "make unclear; known by only a few",
        "not clearly understood or expressed",
        "difficult to understand; partially hidden"
    ],
    "oblique": [
        "indirect or evasive; misleading or devious",
        "slanting or sloping; indirect, misleading, or evasive",
        "indirect; slanting"
    ],
    "nonplussed": [
        "perplexed",
        "(adj.) baffled, bewildered, at a loss for what to do or think",
        "confused"
    ],
    "nominal": [
        "existing in name only; negligible",
        "trivial, so small as to be unimportant; in name only, so-called",
        "very small"
    ],
    "neophyte": [
        "novice; beginner",
        "beginner, novice; person newly converted to a religion",
        "(noun) a recent convert; a beginner; novice"
    ],
    "nebulous": [
        "lacking definite form or limits",
        "(adj.) vague; cloudy; lacking clearly defined form",
        "vague"
    ],
    "naive": [
        "lacking sophistication or experience",
        "(adj) simple and unsophisticated, unsuspecting, lacking worldly experience and critical judgment",
        "marked by or showing unaffected simplicity"
    ],
    "myriad": [
        "a large indefinite number",
        "a large indefinite number",
        "in large numbers"
    ],
    "myopic": [
        "lacking foresight; having a narrow view or lang-range perspective",
        "near-sighted; lacking long-term thinking, short-sighted",
        "near-sighted; lacking long-term thinking, short-sighted"
    ],
    "moribund": [
        "close to death; in a dying state",
        "being on the point of death",
        "on the point of death"
    ],
    "modicum": [
        "a small amount;",
        "a little bit or limited quantity",
        "small amount"
    ],
    "milieu": [
        "environment, atmosphere; the environmental setting in which something happens or develops",
        "the environmental condition",
        "environment"
    ],
    "mannered": [
        "artificial or stilted in character",
        "having a particular manner, esp. an artificial one",
        "stylized; pretentious"
    ],
    "malinger": [
        "to evade responsibility by pretending to be ill",
        "pretend to be sick, esp. to get out of work, duties, etc.",
        "deliberately avoid work; shirk"
    ],
    "malediction": [
        "a curse; a wish of evil upon another",
        "a curse",
        "a curse"
    ],
    "malady": [
        "a disease or sickness",
        "impairment of normal physiological function",
        "illness"
    ],
    "magnate": [
        "powerful or influential person",
        "very important or influential person, esp. in business",
        "powerful businessman"
    ],
    "maelstrom": [
        "whirlpool; turmoil; agitated state of mind",
        "violent whirlpool; any chaotic, turbulent situation",
        "whirlpool; storm in the ocean"
    ],
    "luminous": [
        "bright; brilliant; glowing",
        "shining, radiant, well-lit; brilliant or enlightening",
        "(adj.) characterized by brightness and the emission of light"
    ],
    "lionize": [
        "to treat as a celebrity",
        "treat like a celebrity",
        "treat like a celebrity"
    ],
    "libertine": [
        "a free thinker, usually used disparagingly; one without moral restraint",
        "(n) morally or sexually unrestrained person; freethinker (regarding religion)",
        "unrestrained by convention or morality"
    ],
    "legerdemain": [
        "trickery",
        "slight-of-hand (magic as performed by a magician); trickery or deception",
        "an illusory feat"
    ],
    "leery": [
        "suspicious",
        "openly distrustful and unwilling to confide",
        "suspicious or wary"
    ],
    "lax": [
        "not strict; careless, loose, slack",
        "without rigor or strictness",
        "careless; not strict"
    ],
    "lavish": [
        "extremely generous or extravagant; giving unsparingly",
        "(adj, v) abundant or giving in abundance; marked by excess (adj); give very generously (verb)",
        "wasteful; on a grand scale"
    ],
    "laud": [
        "to give praise; to glorify",
        "(verb) to praise highly (adj. form",
        "praise"
    ],
    "largess": [
        "generous giving (as of money) to others who may seem inferior",
        "the generous giving of lavish gifts",
        "generosity; generous gift"
    ],
    "larceny": [
        "theft of property",
        "theft",
        "theft; robbery; stealing"
    ],
    "kindle": [
        "to set fire to or ignite; excite or inspire",
        "ignite, cause to begin burning; incite, arouse, inflame",
        "to start a fire"
    ],
    "judicious": [
        "sensible; showing good judgement",
        "(adj) using good judgment; wise, sensible",
        "correct in judgment; wise"
    ],
    "jubilant": [
        "full of high-spirited delight because of triumph or success",
        "full of high spirited delight",
        "ecstatic; delighted; rejoicing"
    ],
    "jingoism": [
        "belligerent support of one's country",
        "excessive, loud patriotism and aggressive, warlike foreign policy",
        "excessive, loud patriotism and aggressive, warlike foreign policy"
    ],
    "jettison": [
        "to discard; get rid of as unnecessary or encumbering",
        "discard, cast off; throw items overboard in order to lighten a ship in an emergency",
        "throw away, of something encumbering"
    ],
    "inviolable": [
        "secure from violation or from being profaned;",
        "incapable of being transgressed or dishonored",
        "cannot be invaded"
    ],
    "inveigle": [
        "entice, lure; get something by flattery, cleverness, or offering incentives",
        "(verb) to obtain by deception or flattery",
        "coax; cajole; wheedle; entice"
    ],
    "inure": [
        "to harden; accustom become used to",
        "to cause someone or something to become accustomed to a situation",
        "toughen up; accustom or habituate to pain, hardship, etc."
    ],
    "intractable": [
        "not easily managed or manipulated",
        "(adj) difficult to control, manage, or manipulate; hard to cure; stubborn",
        "(adj.) not easily managed or directed; stubborn; obstinate"
    ],
    "interregnum": [
        "period between reigns",
        "a time in between two reigns or regimes during which there is no ruler; a period during which government does not function; any period of freedom from authority or break or interruption in a series",
        "interval between reigns or governments; interim"
    ],
    "iniquity": [
        "sin; evil act",
        "injustice, wickedness, sin",
        "absence of moral or spiritual values"
    ],
    "ingrate": [
        "ungrateful person",
        "ungrateful person",
        "ungrateful person"
    ],
    "infallible": [
        "incapable of error; certain",
        "incapable of failure or error",
        "perfect; flawless; cannot make mistakes"
    ],
    "inert": [
        "inactive; having little or no power to move",
        "unable to move or resist motion",
        "(adj.) unmoving, lethargic, sluggish"
    ],
    "indolent": [
        "habitually lazy or idle",
        "lazy, slothful",
        "disinclined to work or exertion"
    ],
    "indigent": [
        "poor; having very little",
        "poor enough to need help from others",
        "poor; needy"
    ],
    "indigenous": [
        "originating in a certain area",
        "originating where it is found",
        "native to a particular area"
    ],
    "indifferent": [
        "(adj) not caring, having no interest; unbiased, impartial",
        "(adj.) having no interest or concern; showing no bias or prejudice",
        "1. neutral; 2. not outstanding"
    ],
    "impervious": [
        "impossible to penetrate",
        "not affected or hurt by; admitting of no passage or entrance;",
        "impenetrable, not able to be harmed or emotionally disturbed"
    ],
    "impede": [
        "to obstruct or interfere with; to delay",
        "(v) hold back, obstruct the progress of",
        "be a hindrance or obstacle to"
    ],
    "impartial": [
        "unbiased; neutral",
        "(adj) unbiased, fair",
        "unbiased; neutral"
    ],
    "imminent": [
        "(adj) ready to occur, impending",
        "close in time; about to occur",
        "(adj.) about to happen; impending"
    ],
    "ignominious": [
        "shameful",
        "deserving or bringing disgrace or shame",
        "shameful"
    ],
    "ignoble": [
        "having low moral standards; not noble in character; mean",
        "mean, low, base",
        "not noble; having mean, base, low motives; low quality"
    ],
    "homogeneous": [
        "of a similar kind",
        "(adj) of the same kind; uniform throughout",
        "all of the same or similar kind or nature"
    ],
    "histrionic": [
        "overly dramatic",
        "excessively theatrical or dramatic in character or style",
        "theatrical; exaggerated"
    ],
    "heterogeneous": [
        "composed of unlike parts; different; diverse",
        "(adj) different in type, incongruous; composed of different types of elements",
        "consisting of elements not of the same kind or nature"
    ],
    "gullible": [
        "easily deceived",
        "naive and easily deceived or tricked",
        "easily fooled"
    ],
    "guile": [
        "deceit; trickery",
        "(n) clever deceit, cunning, craftiness",
        "cunning; craftiness"
    ],
    "grovel": [
        "to humble oneself in a demeaning way",
        "show submission or fear",
        "creep or crawl with one's face to the ground, prostrate oneself as a token of subservience, degrade or abase oneself"
    ],
    "goad": [
        "urge on with unpleasant comments",
        "urge on (as cattle) with a pointed or electrically charged stick; spur on, stimulate, encourage",
        "prod; urge"
    ],
    "garner": [
        "to gather and store",
        "gather and store; amass, collect",
        "gather; collect"
    ],
    "gambol": [
        "to dance or skip around playfully",
        "frolic; skip or leap playfully",
        "skip; leap playfully"
    ],
    "fulminate": [
        "explode, detonate; attack verbally in a vehement, thunderous way",
        "(verb) to loudly attack or denounce; similar",
        "1. attack loudly in words; denounce thunderously; 2. explode noisily"
    ],
    "frenetic": [
        "frantic; frenzied",
        "wildly excited, frantic, distracted",
        "excessively agitated"
    ],
    "fracas": [
        "noisy disturbance or fight; brawl",
        "noisy quarrel",
        "noisy quarrel"
    ],
    "ford": [
        "to cross a body of water by wading",
        "place where a river or similar body of water is shallow enough to walk or ride a vehicle across (noun); to cross at such a place (verb)",
        "(verb) to wade across the shallow part of a river or stream"
    ],
    "fledgling": [
        "young and inexperienced; describing any new participant in some activity",
        "a young bird that has just recently gotten its feathers, an inexperienced person (noun); new or inexperienced (adj)",
        "young and inexperienced"
    ],
    "felicitous": [
        "admirably appropriate, very well-suited for the occasion; pleasant, fortunate, marked by happiness",
        "exhibiting an agreeably appropriate manner or style",
        "apt"
    ],
    "feasible": [
        "(adj) possible; logical or likely; suitable",
        "capable of being done with means at hand",
        "possible and practicable"
    ],
    "fanatical": [
        "acting excessively enthusiastic; filled with extreme unquestioned devotion",
        "(adj) excessively devoted, enthusiastic, or zealous in an uncritical way",
        "obsessive; fixated"
    ],
    "fallow": [
        "dormant; unused",
        "left unplanted (of land); not in use",
        "left unplowed and unseeded during a growing season"
    ],
    "extraneous": [
        "(adj) irrelevant; foreign, coming from without, not belonging",
        "irrelevant or unrelated to the subject being dealt with",
        "irrelevant"
    ],
    "extant": [
        "still in existence;",
        "still in existence",
        "still in existence (opposite of extinct)"
    ],
    "expedient": [
        "suitable, proper; effective, often at the expense of ethics or other considerations",
        "appropriate to a purpose",
        "convenient; practical"
    ],
    "exigent": [
        "urgent; requiring immediate action",
        "requiring immediate attention, action, or aid; excessively demanding",
        "(adj) urgent, pressing; requiring immediate action or attention"
    ],
    "exegesis": [
        "critical explanation or analysis, especially of a text",
        "(noun) critical examination, explication",
        "scholarly explanation or interpretation"
    ],
    "excoriate": [
        "criticize severely",
        "express strong disapproval of",
        "(verb) to censure scathingly, to upbraid"
    ],
    "euphony": [
        "pleasant, harmonious sound",
        "pleasing or sweet sound, especially as formed by a harmonious use of words",
        "pleasant sound"
    ],
    "estimable": [
        "admirable",
        "admirable; possible to estimate",
        "(adj) worthy of esteem, admirable; derserving respect"
    ],
    "ersatz": [
        "fake",
        "artificial, synthetic; being an inferior substitute",
        "artificial, synthetic; being an inferior substitute"
    ],
    "epicure": [
        "person with refined taste in food and wine",
        "person with cultivated, refined tastes, esp. in food and wine",
        "someone who appreciates good food and drink"
    ],
    "enumerate": [
        "to count, list, or itemize",
        "determine the number or amount of",
        "(v) count or list; specify one-by-one"
    ],
    "enhance": [
        "(v) raise to a higher value, desirability, etc.",
        "increase",
        "improve; make better or clearer"
    ],
    "empirical": [
        "(adj) coming from, based on, or able to be verified by experience or experimentation; not purely based on theory",
        "(adj.) based on observation or experiment",
        "found by experiment or practice"
    ],
    "eminent": [
        "famous, outstanding, distinguished; projecting",
        "(adj) prominent, distinguished, of high rank",
        "standing above others in quality or position"
    ],
    "elusive": [
        "difficult to capture or difficult to remember",
        "skillful at evading capture",
        "evasive; baffling; hard to grasp"
    ],
    "elucidate": [
        "make clearer and easier to understand",
        "make clear and comprehensible",
        "make clear (lucid)"
    ],
    "elicit": [
        "to draw forth, bring out from some source",
        "(v) call forth, bring out, evoke",
        "call forth, as of emotion, feeling or response"
    ],
    "dubious": [
        "(adj) doubtful, questionable, suspect",
        "fraught with uncertainty or doubt",
        "doubtful"
    ],
    "droll": [
        "amusing in a wry, subtle way",
        "funny in an odd way",
        "dryly amusing"
    ],
    "docile": [
        "easily handled or managed; willing to be taught or led or supervised or directed",
        "easily handled or managed",
        "gentle and easily lead; obedient; easily managed"
    ],
    "diurnal": [
        "existing during the day",
        "occurring every day; happening in the daytime (rather than at night)",
        "active in daytime; daily"
    ],
    "dissonance": [
        "a harsh and disagreeable combination, especially of sounds",
        "(n) harsh, inharmonious sound; cacophony; disagreement",
        "discord; disagreement"
    ],
    "disseminate": [
        "to scatter or spread widely",
        "(v) scatter, spread about, broadcast",
        "cause to become widely known"
    ],
    "dispatch": [
        "dispose of rapidly and without delay and efficiently",
        "(n, v) speed, promptness; send off or deal with in a speedy way",
        "1. send (v); 2. speed; celerity (n)"
    ],
    "dispassionate": [
        "impartial; calm, free from emotion",
        "(adj) unbiased, not having a selfish or personal motivation; calm, lacking emotion",
        "neutral; objective"
    ],
    "disingenuous": [
        "insincere",
        "(adj) insincere, not genuine",
        "naive"
    ],
    "discrete": [
        "separate, distinct, detached, existing as individual parts",
        "separate, distinct, detached, existing as individual parts",
        "separate; discontinuous (not to be confused with"
    ],
    "discreet": [
        "careful to protect one's speech or actions in order to avoid offense or gain an advantage",
        "marked by prudence or modesty and wise self restraint; adjective",
        "prudent; diplomatic]"
    ],
    "discern": [
        "to perceive or recognize",
        "detect with the senses",
        "to distinguish one thing from another; detect with the senses"
    ],
    "deter": [
        "to discourage or prevent from taking action",
        "turn away by persuasion",
        "put off; prevent"
    ],
    "denote": [
        "to indicate",
        "(v) be a name or symbol for",
        "have as a meaning"
    ],
    "denigrate": [
        "belittle, attack the reputation of",
        "(v) belittle, attack the reputation of",
        "decry; criticize; belittle"
    ],
    "demagogue": [
        "a leader or rabble-rouser, usually appealing to emotion or prejudice",
        "a leader who lies and gains power by arousing the passions and especially prejudices of the people",
        "mob leader (who appeals to base instincts) [demagogy/demagoguery (n)]"
    ],
    "deliberate": [
        "think about carefully; weigh the pros and cons of an issue",
        "1. slow (a); 2. to think over (v); 3. on purpose (a)",
        "to think over deeply; consider; ponder"
    ],
    "deference": [
        "respect; courtesy",
        "(n) respectful submission; yielding to the authority or opinion of another",
        "respect"
    ],
    "decorous": [
        "proper; tasteful; socially correct",
        "behaving with propriety and good taste; polite",
        "(adj) behaving with propriety and good taste; polite"
    ],
    "debacle": [
        "a sudden and violent collapse",
        "(noun) rout, fiasco, complete failure",
        "disaster"
    ],
    "cumbersome": [
        "difficult to handle or use especially because of size or weight",
        "difficult to handle or use because of size or weight",
        "bulky; difficult to carry [encumber = to burden]"
    ],
    "culminate": [
        "reach the highest point or final stage",
        "(v) reach the highest point or final stage",
        "end, especially to reach a final or climatic stage"
    ],
    "craven": [
        "lacking courage",
        "cowardly",
        "(adj) very cowardly, lacking courage"
    ],
    "covert": [
        "(adj) secret, veiled, undercover",
        "secret or hidden",
        "hidden; undercover"
    ],
    "copious": [
        "numerous; large in quantity",
        "(adj) plentiful, bountiful",
        "large in number or quantity"
    ],
    "conundrum": [
        "a difficult problem",
        "(n) riddle, the answer to which involves a play on words; any mystery",
        "a puzzle"
    ],
    "consummate": [
        "having or revealing supreme mastery or skill",
        "having or revealing supreme mastery or skill",
        "complete; total; supremely good"
    ],
    "construe": [
        "interpret or translate",
        "(v) interpret or translate",
        "make sense of; assign a meaning to; interpret in a particular way"
    ],
    "confound": [
        "confuse, frustrate; mix up or make worse",
        "confuse, frustrate; mix up or make worse",
        "confuse"
    ],
    "conflagration": [
        "great fire; a large destructive fire;",
        "a very intense and uncontrolled fire",
        "big fire"
    ],
    "commensurate": [
        "the same in size, extent, etc. equivalent; proportional,",
        "(adj) the same in size, extent, etc., equivalent; proportional",
        "equal in significance"
    ],
    "collusion": [
        "collaboration; complicity; conspiracy",
        "agreement on a secret plot",
        "conspiring in a fraudulent scheme; plotting and planning"
    ],
    "circumspect": [
        "cautious; aware of potential consequences",
        "cautious, prudent; careful to consider the circumstances and consequences",
        "cautious; considering all sides"
    ],
    "circumscribe": [
        "strictly limit a role, range of activity, or area; in math, to be constructed around so as to touch as many points as possible",
        "strictly limit a role, range of activity, or area; in math, to be constructed around so as to touch as many points as possible",
        "limit"
    ],
    "chary": [
        "cautious",
        "(adj.) wary; cautious; sparing; cautiously or suspiciously reluctant to do something",
        "cautious; sparing or restrained about giving"
    ],
    "charlatan": [
        "one who claims to know something that he does not, a quack",
        "a flamboyant deceiver",
        "trickster who claims knowledge he doesn't have"
    ],
    "catholic": [
        "universal; broad and comprehensive",
        "universal; wide-ranging",
        "universal, broad-minded"
    ],
    "catalyst": [
        "something that brings about a change in something else",
        "(n) causer of change",
        "(noun) a substance that causes or hastens a chemical reaction; any agent that causes change"
    ],
    "canonical": [
        "(adj) authorized, recognized; pertaining to the canon, or body of accepted rules, standards or artistic works",
        "(adj.) following or in agreement with accepted traditional standards (noun form",
        "orthodox [canon (n) = set of accepted works]"
    ],
    "callow": [
        "immature; noisome",
        "young and inexperienced",
        "immature"
    ],
    "buttress": [
        "make stronger or defensible",
        "(v, n) support or encourage (verb); a support or prop, esp. projecting from and supporting the wall of a building (noun)",
        "strengthen; support"
    ],
    "burnish": [
        "to polish",
        "polish, make smooth and lustrous",
        "polish"
    ],
    "bucolic": [
        "rustic; pastoral",
        "pertaining to shepherds; suggesting a peaceful and pleasant view of rural life",
        "(adj.) rustic and pastoral; characteristic of rural areas and their inhabitants"
    ],
    "bristle": [
        "stiffen with fear or anger",
        "rise up as in fear; react in an offended or angry manner",
        "to show irritation; react in an offended or angry manner"
    ],
    "boor": [
        "crude person, one lacking manners or taste",
        "(n) rude, ill-mannered, or insensitive person; a peasant or country bumpkin",
        "ill-mannered person [boorish (a)]"
    ],
    "bombastic": [
        "pompous in speech and manner",
        "(of speech or writing) far too showy or dramatic than is appropriate; pretentious",
        "(adj.) pompous; grandiloquent (noun form"
    ],
    "blithe": [
        "joyful, cheerful, or without appropriate thought",
        "joyous, merry; excessively carefree (so as to ignore more important concerns)",
        "free-spirited; carefree"
    ],
    "blatant": [
        "without any attempt at concealment; completely obvious",
        "without any attempt at concealment; completely obvious",
        "obvious"
    ],
    "bilk": [
        "to cheat; defraud",
        "cheat or defraud",
        "cheat; defraud"
    ],
    "besiege": [
        "harass, as with questions or requests; cause to feel distressed or worried",
        "attack, overwhelm, crowd in on or surround",
        "surround so as to force to give up"
    ],
    "bent": [
        "personal inclination or tendency",
        "(noun) leaning, inclination, proclivity, tendency",
        "(n)inclination; aptitude"
    ],
    "benign": [
        "kind; not dangerous to health; not recurrent or progressive",
        "(adj) harmless; favorable; kindly, gentle, or beneficial; not cancerous",
        "kindly; harmless"
    ],
    "belligerent": [
        "characteristic of one eager to fight",
        "characteristic of an enemy or one eager to fight",
        "aggressive; ready to fight"
    ],
    "bellicose": [
        "warlike; inclined to quarrel",
        "(adj.) belligerent, pugnacious, warlike",
        "war-like; aggressive"
    ],
    "belittle": [
        "to make seem less important",
        "cause to seem less important",
        "to demean"
    ],
    "belie": [
        "contradict or misrepresent; ; demur",
        "(v) contradict or misrepresent",
        "contradict; give a false impression"
    ],
    "begrudge": [
        "to envy someone for possessing or enjoying something; to give reluctantly",
        "be envious of",
        "resent"
    ],
    "bane": [
        "something that ruins or spoils",
        "something causing misery or death",
        "troublesome influence; curse"
    ],
    "axiom": [
        "premise; postulate; self-evident truth",
        "self-evident truth requiring no proof; universally or generally accepted principle",
        "(noun) a universally recognized principle"
    ],
    "august": [
        "dignified; grandiose",
        "venerable, majestic; inspiring admiration",
        "(adj.) majestic, venerable"
    ],
    "assail": [
        "to attack; assault",
        "attack in speech or writing",
        "attack violently, assault"
    ],
    "artifice": [
        "a clever trick",
        "a deceptive maneuver, especially to avoid capture",
        "deception; trickery"
    ],
    "articulate": [
        "able to speak clearly and expressively",
        "(adj, verb) using language in a clear, fluent way (adj); speak distinctly or give clarity to an idea (verb)",
        "clear; lucid; eloquent"
    ],
    "arrogate": [
        "to claim without justification; to claim for oneself without right",
        "to claim without justification; to claim for oneself without right;",
        "claim or take presumptuously or without the right to do so"
    ],
    "arcane": [
        "known or understood by only a few; obscure, secret",
        "(adj) known or understood by only a few; obscure, secret",
        "obscure; known only to a few people"
    ],
    "apprehension": [
        "fearful expectation",
        "slight fear; sense of something unfavorable",
        "slight fear; sense of something unfavorable"
    ],
    "appease": [
        "to calm, pacify, placate",
        "(v.)pacify, satisfy, relieve; concede to be belligerent demands, sometimes at the expense of principles",
        "pacify; soothe; calm down; make peace with"
    ],
    "antiquated": [
        "old-fashioned; belonging to an earlier period in time",
        "so extremely old as seeming to belong to an earlier period",
        "outdated; old fashioned"
    ],
    "anathema": [
        "a detested person; the source of somebody's hate",
        "source of somebody's hatred; something or someone that one dislikes",
        "(noun) a solemn or ecclesiastical (religious) curse; accursed or thoroughly loathed person or thing"
    ],
    "amortize": [
        "to diminish by installment payments",
        "gradually pay off a debt, or gradually write off an asset",
        "pay off a debt in installments"
    ],
    "aloof": [
        "distant physically or emotionally; reserved; indifferent",
        "cool and distant, remote in manner",
        "distant; detached; cold"
    ],
    "aggrandize": [
        "to increase in power, influence, and reputation",
        "(v) make greater; exaggerate",
        "(verb) to increase in intensity, power, influence, or prestige"
    ],
    "affable": [
        "likeable; easy to talk to",
        "(adj) warm and friendly, pleasant, approachable",
        "friendly; social; easygoing"
    ],
    "adumbrate": [
        "give a rough outline of; foreshadow; reveal only partially; obscure",
        "(verb) to foreshadow vaguely or intimidate; to suggest or outline sketchily; to obscure or overshadow",
        "outline; indicate"
    ],
    "adulterate": [
        "to make impure",
        "make impure by adding inappropriate or inferior ingredients",
        "(verb) to reduce purity by combining with inferior ingredients"
    ],
    "admonish": [
        "warn strongly",
        "(v) mildly scold; caution, advise, or remind to do something",
        "warn strongly, put on guard"
    ],
    "adamant": [
        "refusing to change one's mind",
        "refusing to be persuaded",
        "hard; inflexible"
    ],
    "acerbic": [
        "sour; harsh or severe",
        "sour; harsh or severe",
        "(adj.) having a sour or bitter taste or character; sharp; biting"
    ],
    "accretion": [
        "a growth in size; an increase in amount",
        "gradual increase; an added part or addition",
        "accumulation of matter; growth produced by adding from the outside"
    ],
    "accolade": [
        "an award or praise granted as a special honor",
        "(noun) an expression of praise",
        "tribute; honor; praise"
    ],
    "abstemious": [
        "moderate in appetite",
        "indulging only very moderately in something",
        "self denying; refraining from indulging"
    ],
    "abscond": [
        "to leave secretly",
        "depart suddenly and secretively",
        "(verb) to steal off and hide"
    ],
    "abrogate": [
        "cancel; deny; repeal;",
        "repeal or do away with, abolish; revoke formally",
        "abolish"
    ],
    "abhor": [
        "(v) detest, regard with disgust",
        "regard with disgust and hatred",
        "hate"
    ],
    "abeyance": [
        "temporary suppression or suspension",
        "temporary suspension, inactivity",
        "temporary cessation or suspension"
    ]
}